date,preco_petroleo_mensal,producao_aco_bruto,producao_ferro_gusa,producao_laminados,export_minerais_metalicos_fob,export_minerais_metalicos_quantum,export_minerais_metalicos_preco,export_metalurgia_fob,utilizacao_capacidade_industrial,emprego_industrial,faturamento_real_industrial
1957-01-01 02:00:00,1.92,,,,,,,,,,
1957-02-01 02:00:00,1.92,,,,,,,,,,
1957-03-01 03:00:00,1.92,,,,,,,,,,
1957-04-01 03:00:00,1.92,,,,,,,,,,
1957-05-01 03:00:00,1.92,,,,,,,,,,
1957-06-01 03:00:00,2.07,,,,,,,,,,
1957-07-01 03:00:00,2.07,,,,,,,,,,
1957-08-01 03:00:00,2.07,,,,,,,,,,
1957-09-01 03:00:00,2.07,,,,,,,,,,
1957-10-01 03:00:00,2.07,,,,,,,,,,
1957-11-01 03:00:00,2.07,,,,,,,,,,
1957-12-01 02:00:00,2.07,,,,,,,,,,
1958-01-01 02:00:00,2.07,,,,,,,,,,
1958-02-01 02:00:00,2.07,,,,,,,,,,
1958-03-01 03:00:00,2.07,,,,,,,,,,
1958-04-01 03:00:00,2.07,,,,,,,,,,
1958-05-01 03:00:00,2.07,,,,,,,,,,
1958-06-01 03:00:00,2.07,,,,,,,,,,
1958-07-01 03:00:00,2.07,,,,,,,,,,
1958-08-01 03:00:00,2.07,,,,,,,,,,
1958-09-01 03:00:00,2.07,,,,,,,,,,
1958-10-01 03:00:00,2.07,,,,,,,,,,
1958-11-01 03:00:00,2.07,,,,,,,,,,
1958-12-01 02:00:00,2.07,,,,,,,,,,
1959-01-01 02:00:00,2.07,,,,,,,,,,
1959-02-01 02:00:00,1.89,,,,,,,,,,
1959-03-01 03:00:00,1.89,,,,,,,,,,
1959-04-01 03:00:00,1.89,,,,,,,,,,
1959-05-01 03:00:00,1.89,,,,,,,,,,
1959-06-01 03:00:00,1.89,,,,,,,,,,
1959-07-01 03:00:00,1.89,,,,,,,,,,
1959-08-01 03:00:00,1.89,,,,,,,,,,
1959-09-01 03:00:00,1.89,,,,,,,,,,
1959-10-01 03:00:00,1.89,,,,,,,,,,
1959-11-01 03:00:00,1.89,,,,,,,,,,
1959-12-01 02:00:00,1.89,,,,,,,,,,
1960-01-01 02:00:00,1.89,,,,,,,,,,
1960-02-01 02:00:00,1.89,,,,,,,,,,
1960-03-01 03:00:00,1.89,,,,,,,,,,
1960-04-01 03:00:00,1.89,,,,,,,,,,
1960-05-01 03:00:00,1.89,,,,,,,,,,
1960-06-01 03:00:00,1.89,,,,,,,,,,
1960-07-01 03:00:00,1.89,,,,,,,,,,
1960-08-01 03:00:00,1.79,,,,,,,,,,
1960-09-01 03:00:00,1.79,,,,,,,,,,
1960-10-01 03:00:00,1.79,,,,,,,,,,
1960-11-01 03:00:00,1.79,,,,,,,,,,
1960-12-01 02:00:00,1.79,,,,,,,,,,
1961-01-01 02:00:00,1.79,,,,,,,,,,
1961-02-01 02:00:00,1.79,,,,,,,,,,
1961-03-01 03:00:00,1.79,,,,,,,,,,
1961-04-01 03:00:00,1.79,,,,,,,,,,
1961-05-01 03:00:00,1.79,,,,,,,,,,
1961-06-01 03:00:00,1.79,,,,,,,,,,
1961-07-01 03:00:00,1.79,,,,,,,,,,
1961-08-01 03:00:00,1.79,,,,,,,,,,
1961-09-01 03:00:00,1.79,,,,,,,,,,
1961-10-01 03:00:00,1.79,,,,,,,,,,
1961-11-01 03:00:00,1.79,,,,,,,,,,
1961-12-01 02:00:00,1.79,,,,,,,,,,
1962-01-01 02:00:00,1.79,,,,,,,,,,
1962-02-01 02:00:00,1.79,,,,,,,,,,
1962-03-01 03:00:00,1.79,,,,,,,,,,
1962-04-01 03:00:00,1.79,,,,,,,,,,
1962-05-01 03:00:00,1.79,,,,,,,,,,
1962-06-01 03:00:00,1.79,,,,,,,,,,
1962-07-01 03:00:00,1.79,,,,,,,,,,
1962-08-01 03:00:00,1.79,,,,,,,,,,
1962-09-01 03:00:00,1.79,,,,,,,,,,
1962-10-01 03:00:00,1.79,,,,,,,,,,
1962-11-01 03:00:00,1.79,,,,,,,,,,
1962-12-01 02:00:00,1.79,,,,,,,,,,
1963-01-01 02:00:00,1.79,,,,,,,,,,
1963-02-01 02:00:00,1.79,,,,,,,,,,
1963-03-01 03:00:00,1.79,,,,,,,,,,
1963-04-01 03:00:00,1.79,,,,,,,,,,
1963-05-01 03:00:00,1.79,,,,,,,,,,
1963-06-01 03:00:00,1.79,,,,,,,,,,
1963-07-01 03:00:00,1.79,,,,,,,,,,
1963-08-01 03:00:00,1.79,,,,,,,,,,
1963-09-01 03:00:00,1.79,,,,,,,,,,
1963-10-01 03:00:00,1.79,,,,,,,,,,
1963-11-01 03:00:00,1.79,,,,,,,,,,
1963-12-01 02:00:00,1.79,,,,,,,,,,
1964-01-01 02:00:00,1.79,,,,,,,,,,
1964-02-01 02:00:00,1.79,,,,,,,,,,
1964-03-01 03:00:00,1.79,,,,,,,,,,
1964-04-01 03:00:00,1.79,,,,,,,,,,
1964-05-01 03:00:00,1.79,,,,,,,,,,
1964-06-01 03:00:00,1.79,,,,,,,,,,
1964-07-01 03:00:00,1.79,,,,,,,,,,
1964-08-01 03:00:00,1.79,,,,,,,,,,
1964-09-01 03:00:00,1.79,,,,,,,,,,
1964-10-01 03:00:00,1.79,,,,,,,,,,
1964-11-01 03:00:00,1.79,,,,,,,,,,
1964-12-01 02:00:00,1.79,,,,,,,,,,
1965-01-01 02:00:00,1.79,,,,,,,,,,
1965-02-01 02:00:00,1.79,,,,,,,,,,
1965-03-01 03:00:00,1.79,,,,,,,,,,
1965-04-01 03:00:00,1.79,,,,,,,,,,
1965-05-01 03:00:00,1.79,,,,,,,,,,
1965-06-01 03:00:00,1.79,,,,,,,,,,
1965-07-01 03:00:00,1.79,,,,,,,,,,
1965-08-01 03:00:00,1.79,,,,,,,,,,
1965-09-01 03:00:00,1.79,,,,,,,,,,
1965-10-01 03:00:00,1.79,,,,,,,,,,
1965-11-01 03:00:00,1.79,,,,,,,,,,
1965-12-01 02:00:00,1.79,,,,,,,,,,
1966-01-01 02:00:00,1.79,,,,,,,,,,
1966-02-01 02:00:00,1.79,,,,,,,,,,
1966-03-01 03:00:00,1.79,,,,,,,,,,
1966-04-01 03:00:00,1.79,,,,,,,,,,
1966-05-01 03:00:00,1.79,,,,,,,,,,
1966-06-01 03:00:00,1.79,,,,,,,,,,
1966-07-01 03:00:00,1.79,,,,,,,,,,
1966-08-01 03:00:00,1.79,,,,,,,,,,
1966-09-01 03:00:00,1.79,,,,,,,,,,
1966-10-01 03:00:00,1.79,,,,,,,,,,
1966-11-01 03:00:00,1.79,,,,,,,,,,
1966-12-01 02:00:00,1.79,,,,,,,,,,
1967-01-01 02:00:00,1.79,,,,,,,,,,
1967-02-01 02:00:00,1.79,,,,,,,,,,
1967-03-01 03:00:00,1.79,,,,,,,,,,
1967-04-01 03:00:00,1.79,,,,,,,,,,
1967-05-01 03:00:00,1.79,,,,,,,,,,
1967-06-01 03:00:00,1.79,,,,,,,,,,
1967-07-01 03:00:00,1.79,,,,,,,,,,
1967-08-01 03:00:00,1.79,,,,,,,,,,
1967-09-01 03:00:00,1.79,,,,,,,,,,
1967-10-01 03:00:00,1.79,,,,,,,,,,
1967-11-01 03:00:00,1.79,,,,,,,,,,
1967-12-01 02:00:00,1.79,,,,,,,,,,
1968-01-01 02:00:00,1.79,,,,,,,,,,
1968-02-01 02:00:00,1.79,,,,,,,,,,
1968-03-01 03:00:00,1.79,,,,,,,,,,
1968-04-01 03:00:00,1.79,,,,,,,,,,
1968-05-01 03:00:00,1.79,,,,,,,,,,
1968-06-01 03:00:00,1.79,,,,,,,,,,
1968-07-01 03:00:00,1.79,,,,,,,,,,
1968-08-01 03:00:00,1.79,,,,,,,,,,
1968-09-01 03:00:00,1.79,,,,,,,,,,
1968-10-01 03:00:00,1.79,,,,,,,,,,
1968-11-01 03:00:00,1.79,,,,,,,,,,
1968-12-01 02:00:00,1.79,,,,,,,,,,
1969-01-01 02:00:00,1.79,,,,,,,,,,
1969-02-01 02:00:00,1.79,,,,,,,,,,
1969-03-01 03:00:00,1.79,,,,,,,,,,
1969-04-01 03:00:00,1.79,,,,,,,,,,
1969-05-01 03:00:00,1.79,,,,,,,,,,
1969-06-01 03:00:00,1.79,,,,,,,,,,
1969-07-01 03:00:00,1.79,,,,,,,,,,
1969-08-01 03:00:00,1.79,,,,,,,,,,
1969-09-01 03:00:00,1.79,,,,,,,,,,
1969-10-01 03:00:00,1.79,,,,,,,,,,
1969-11-01 03:00:00,1.79,,,,,,,,,,
1969-12-01 02:00:00,1.79,,,,,,,,,,
1970-01-01 02:00:00,2.18,,,,,,,,,,
1970-02-01 02:00:00,2.18,,,,,,,,,,
1970-03-01 03:00:00,2.18,,,,,,,,,,
1970-04-01 03:00:00,2.18,,,,,,,,,,
1970-05-01 03:00:00,2.18,,,,,,,,,,
1970-06-01 03:00:00,2.18,,,,,,,,,,
1970-07-01 03:00:00,2.18,,,,,,,,,,
1970-08-01 03:00:00,2.18,,,,,,,,,,
1970-09-01 03:00:00,2.18,,,,,,,,,,
1970-10-01 03:00:00,2.18,,,,,,,,,,
1970-11-01 03:00:00,2.18,,,,,,,,,,
1970-12-01 02:00:00,2.18,,,,,,,,,,
1971-01-01 02:00:00,2.29,,,,,,,,,,
1971-02-01 02:00:00,2.42,,,,,,,,,,
1971-03-01 03:00:00,2.42,,,,,,,,,,
1971-04-01 03:00:00,2.73,,,,,,,,,,
1971-05-01 03:00:00,2.73,,,,,,,,,,
1971-06-01 03:00:00,2.77,,,,,,,,,,
1971-07-01 03:00:00,2.76,,,,,,,,,,
1971-08-01 03:00:00,2.76,,,,,,,,,,
1971-09-01 03:00:00,2.76,,,,,,,,,,
1971-10-01 03:00:00,2.75,,,,,,,,,,
1971-11-01 03:00:00,2.75,,,,,,,,,,
1971-12-01 02:00:00,2.75,,,,,,,,,,
1972-01-01 02:00:00,2.82,,,,,,,,,,
1972-02-01 02:00:00,2.91,,,,,,,,,,
1972-03-01 03:00:00,2.91,,,,,,,,,,
1972-04-01 03:00:00,2.9,,,,,,,,,,
1972-05-01 03:00:00,2.9,,,,,,,,,,
1972-06-01 03:00:00,2.9,,,,,,,,,,
1972-07-01 03:00:00,2.89,,,,,,,,,,
1972-08-01 03:00:00,2.89,,,,,,,,,,
1972-09-01 03:00:00,2.89,,,,,,,,,,
1972-10-01 03:00:00,2.89,,,,,,,,,,
1972-11-01 03:00:00,2.89,,,,,,,,,,
1972-12-01 02:00:00,2.89,,,,,,,,,,
1973-01-01 02:00:00,2.99,,,,,,,,,,
1973-02-01 02:00:00,2.99,,,,,,,,,,
1973-03-01 03:00:00,2.99,,,,,,,,,,
1973-04-01 03:00:00,3.12,,,,,,,,,,
1973-05-01 03:00:00,3.12,,,,,,,,,,
1973-06-01 03:00:00,3.26,,,,,,,,,,
1973-07-01 03:00:00,3.34,,,,,,,,,,
1973-08-01 03:00:00,3.43,,,,,,,,,,
1973-09-01 03:00:00,3.43,,,,,,,,,,
1973-10-01 03:00:00,3.42,,,,,,,,,,
1973-11-01 03:00:00,3.42,,,,,,,,,,
1973-12-01 02:00:00,3.42,,,,,,,,,,
1974-01-01 02:00:00,13.43,,,,,,,,,,
1974-02-01 02:00:00,13.43,,,,,,,,,,
1974-03-01 03:00:00,13.43,,,,,,,,,,
1974-04-01 03:00:00,11.41,,,,,,,,,,
1974-05-01 03:00:00,11.41,,,,,,,,,,
1974-06-01 03:00:00,11.41,,,,,,,,,,
1974-07-01 03:00:00,10.62,,,,,,,,,,
1974-08-01 03:00:00,10.62,,,,,,,,,,
1974-09-01 03:00:00,10.62,,,,,,,,,,
1974-10-01 03:00:00,10.93,,,,,,,,,,
1974-11-01 03:00:00,10.93,,,,,,,,,,
1974-12-01 02:00:00,10.93,,,,,,,,,,
1975-01-01 02:00:00,11.17,,,,,,,,,,
1975-02-01 02:00:00,11.17,,,,,,,,,,
1975-03-01 03:00:00,11.17,,,,,,,,,,
1975-04-01 03:00:00,11.17,,,,,,,,,,
1975-05-01 03:00:00,11.17,,,,,,,,,,
1975-06-01 03:00:00,11.17,,,,,,,,,,
1975-07-01 03:00:00,11.17,,,,,,,,,,
1975-08-01 03:00:00,11.17,,,,,,,,,,
1975-09-01 03:00:00,11.17,,,,,,,,,,
1975-10-01 03:00:00,12.3,,,,,,,,,,
1975-11-01 03:00:00,12.3,,,,,,,,,,
1975-12-01 02:00:00,12.3,,,,,,,,,,
1976-01-01 02:00:00,11.41,,,,,,,,,,
1976-02-01 02:00:00,11.41,,,,,,,,,,
1976-03-01 03:00:00,11.83,,,,,,,,,,
1976-04-01 03:00:00,11.47,,,,,,,,,,
1976-05-01 03:00:00,11.48,,,,,,,,,,
1976-06-01 03:00:00,11.43,,,,,,,,,,
1976-07-01 03:00:00,11.43,,,,,,,,,,
1976-08-01 03:00:00,11.44,,,,,,,,,,
1976-09-01 03:00:00,11.43,,,,,,,,,,
1976-10-01 03:00:00,11.44,,,,,,,,,,
1976-11-01 03:00:00,12.06,,,,,,,,,,
1976-12-01 02:00:00,11.82,,,,,,,,,,
1977-01-01 02:00:00,12.45,,,,,,,,,,
1977-02-01 02:00:00,12.45,,,,,,,,,,
1977-03-01 03:00:00,12.45,,,,,,,,,,
1977-04-01 03:00:00,12.45,,,,,,,,,,
1977-05-01 03:00:00,12.45,,,,,,,,,,
1977-06-01 03:00:00,12.45,,,,,,,,,,
1977-07-01 03:00:00,12.61,,,,,,,,,,
1977-08-01 03:00:00,12.58,,,,,,,,,,
1977-09-01 03:00:00,12.51,,,,,,,,,,
1977-10-01 03:00:00,12.55,,,,,,,,,,
1977-11-01 03:00:00,12.59,,,,,,,,,,
1977-12-01 02:00:00,12.61,,,,,,,,,,
1978-01-01 02:00:00,12.59,,,,,,,,,,
1978-02-01 02:00:00,12.59,,,,,,,,,,
1978-03-01 03:00:00,12.58,,,,,,,,,,
1978-04-01 03:00:00,12.51,,,,,,,,,,
1978-05-01 03:00:00,12.52,,,,,,,,,,
1978-06-01 03:00:00,12.57,,,,,,,,,,
1978-07-01 03:00:00,12.58,,,,,,,,,,
1978-08-01 03:00:00,12.63,,,,,,,,,,
1978-09-01 03:00:00,12.68,,,,,,,,,,
1978-10-01 03:00:00,12.81,,,,,,,,,,
1978-11-01 03:00:00,13.21,,,,,,,,,,
1978-12-01 02:00:00,14.05,,,,,,,,,,
1979-01-01 02:00:00,16.09,,,,,,,,,,
1979-02-01 02:00:00,21.73,,,,,,,,,,
1979-03-01 03:00:00,20.11,,,,,,,,,,
1979-04-01 03:00:00,21.28,,,,,,,,,,
1979-05-01 03:00:00,30.46,,,,,,,,,,
1979-06-01 03:00:00,35.09,,,,,,,,,,
1979-07-01 03:00:00,30.34,,,,,,,,,,
1979-08-01 03:00:00,32.45,,,,,,,,,,
1979-09-01 03:00:00,34.58,,,,,,,,,,
1979-10-01 03:00:00,37.4,,,,,,,,,,
1979-11-01 03:00:00,39.7,,,,,,,,,,
1979-12-01 02:00:00,38.69,,,,,,,,,,
1980-01-01 02:00:00,35.64,1220.1,1005.8,961.805,,,,,,,
1980-02-01 02:00:00,35.09,1172.3,963.9,898.178,,,,,,,
1980-03-01 03:00:00,36.01,1271.1,1048.4,1026.957,,,,,,,
1980-04-01 03:00:00,35.09,1250.1,1037.9,941.401,,,,,,,
1980-05-01 03:00:00,35.72,1330.0,1095.8,1030.191,,,,,,,
1980-06-01 03:00:00,35.54,1266.6,1042.6,1033.199,,,,,,,
1980-07-01 03:00:00,34.33,1313.3,1093.1,1040.257,,,,,,,
1980-08-01 03:00:00,31.88,1289.4,1074.0,1055.8,,,,,,,
1980-09-01 03:00:00,31.91,1262.6,1050.2,1033.371,,,,,,,
1980-10-01 03:00:00,37.25,1351.0,1123.9,1090.245,,,,,,,
1980-11-01 03:00:00,40.97,1321.0,1085.4,1117.929,,,,,,,
1980-12-01 02:00:00,39.05,1289.6,1064.3,1094.96,,,,,,,
1981-01-01 02:00:00,38.69,1308.9,1070.4,1049.047,,,,,,,
1981-02-01 02:00:00,36.75,1197.6,981.6,960.701,,,,,,,
1981-03-01 03:00:00,36.44,1296.3,1072.8,1020.279,,,,,,,
1981-04-01 03:00:00,35.7,1136.4,942.3,918.608,,,,,,,
1981-05-01 03:00:00,33.32,1184.5,976.7,855.449,,,,,,,
1981-06-01 03:00:00,31.6,1052.6,843.6,836.765,,,,,,,
1981-07-01 03:00:00,31.63,980.9,814.0,830.868,,,,,,,
1981-08-01 03:00:00,31.99,1012.4,843.7,722.196,,,,,,,
1981-09-01 03:00:00,31.77,992.2,804.0,779.816,,,,,,,
1981-10-01 03:00:00,32.61,1022.2,816.0,836.047,,,,,,,
1981-11-01 03:00:00,34.05,970.3,761.0,788.319,,,,,,,
1981-12-01 02:00:00,33.91,1071.2,865.1,849.213,,,,,,,
1982-01-01 02:00:00,33.81,1073.4,852.8,861.977,,,,,,,
1982-02-01 02:00:00,29.96,994.9,799.1,823.252,,,,,,,
1982-03-01 03:00:00,28.25,1011.3,794.6,968.642,,,,,,,
1982-04-01 03:00:00,30.44,976.6,803.6,920.94,,,,,,,
1982-05-01 03:00:00,33.22,1071.4,891.0,950.968,,,,,,,
1982-06-01 03:00:00,32.66,1055.7,864.4,951.833,,,,,,,
1982-07-01 03:00:00,31.49,1238.1,1020.7,1005.109,,,,,,,
1982-08-01 03:00:00,31.05,1210.9,1029.2,986.179,,,,,,,
1982-09-01 03:00:00,32.88,1174.7,1023.3,928.926,,,,,,,
1982-10-01 03:00:00,33.23,1172.1,1016.5,908.786,,,,,,,
1982-11-01 03:00:00,31.48,1069.2,926.4,864.482,,,,,,,
1982-12-01 02:00:00,30.06,946.9,805.7,766.418,,,,,,,
1983-01-01 02:00:00,30.44,1059.6,904.2,774.684,,,,,,,
1983-02-01 02:00:00,28.91,917.7,801.5,744.88,,,,,,,
1983-03-01 03:00:00,28.13,1128.4,988.2,903.884,,,,,,,
1983-04-01 03:00:00,29.49,1159.9,990.0,935.017,,,,,,,
1983-05-01 03:00:00,29.16,1246.4,1081.1,953.274,,,,,,,
1983-06-01 03:00:00,29.79,1199.9,1056.9,955.291,,,,,,,
1983-07-01 03:00:00,30.35,1278.2,1126.8,1008.154,,,,,,,
1983-08-01 03:00:00,30.55,1309.8,1158.4,1071.372,,,,,,,
1983-09-01 03:00:00,29.99,1286.7,1139.4,1075.806,,,,,,,
1983-10-01 03:00:00,29.39,1324.7,1173.3,1101.442,,,,,,,
1983-11-01 03:00:00,28.92,1313.5,1158.2,1104.217,,,,,,,
1983-12-01 02:00:00,28.51,1446.6,1366.6,1149.634,,,,,,,
1984-01-01 02:00:00,28.98,1464.5,1417.1,1055.52,,,,,,,
1984-02-01 02:00:00,29.17,1376.6,1331.2,1003.545,,,,,,,
1984-03-01 03:00:00,29.55,1522.6,1419.1,1141.405,,,,,,,
1984-04-01 03:00:00,29.53,1533.6,1414.8,1058.173,,,,,,,
1984-05-01 03:00:00,29.42,1590.9,1493.9,1148.625,,,,,,,
1984-06-01 03:00:00,28.99,1475.2,1390.1,1107.43,,,,,,,
1984-07-01 03:00:00,27.9,1581.0,1488.2,1147.943,,,,,,,
1984-08-01 03:00:00,28.19,1633.5,1550.3,1238.991,,,,,,,
1984-09-01 03:00:00,28.35,1514.6,1391.5,1215.679,,,,,,,
1984-10-01 03:00:00,28.0,1586.0,1482.4,1243.704,,,,,,,
1984-11-01 03:00:00,27.59,1527.7,1426.8,1162.451,,,,,,,
1984-12-01 02:00:00,26.88,1579.5,1424.3,1143.28,,,,,,,
1985-01-01 02:00:00,26.63,1490.1,1315.832,1172.276,,,,,,,
1985-02-01 02:00:00,27.56,1424.3,1255.037,1008.773,,,,,,,
1985-03-01 03:00:00,27.91,1669.4,1543.199,1190.923,,,,,,,
1985-04-01 03:00:00,27.84,1564.2,1457.942,1157.11,,,,,,,
1985-05-01 03:00:00,26.66,1760.3,1623.829,1178.368,,,,,,,
1985-06-01 03:00:00,26.35,1690.1,1601.867,1162.226,,,,,,,
1985-07-01 03:00:00,26.63,1857.9,1746.075,1264.666,,,,,,,
1985-08-01 03:00:00,27.13,1797.1,1678.672,1294.391,,,,,,,
1985-09-01 03:00:00,27.52,1775.6,1668.789,1279.386,,,,,,,
1985-10-01 03:00:00,28.29,1795.2,1716.019,1306.058,,,,,,,
1985-11-01 03:00:00,29.18,1765.2,1643.867,1220.881,,,,,,,
1985-12-01 02:00:00,26.75,1866.1,1709.507,1296.585,,,,,,,
1986-01-01 02:00:00,22.33,1769.4,1653.438,1286.094,,,,,,,
1986-02-01 02:00:00,16.38,1583.6,1511.527,1139.772,,,,,,,
1986-03-01 03:00:00,12.77,1738.2,1676.038,1323.052,,,,,,,
1986-04-01 03:00:00,11.89,1635.8,1661.596,1250.743,,,,,,,
1986-05-01 03:00:00,13.49,1819.3,1771.44,1298.85,,,,,,,
1986-06-01 03:00:00,11.95,1715.1,1610.263,1266.468,,,,,,,
1986-07-01 03:00:00,9.88,1667.3,1631.061,1294.47,,,,,,,
1986-08-01 03:00:00,13.42,1824.4,1743.145,1363.03,,,,,,,
1986-09-01 03:00:00,14.03,1891.2,1774.415,1328.386,,,,,,,
1986-10-01 03:00:00,14.01,1931.2,1840.449,1421.235,,,,,,,
1986-11-01 03:00:00,14.47,1788.6,1681.126,1295.746,,,,,,,
1986-12-01 02:00:00,15.44,1869.2,1713.158,1357.059,,,,,,,
1987-01-01 02:00:00,18.1,1896.9,1746.319,1284.708,,,,,,,
1987-02-01 02:00:00,17.28,1727.1,1638.401,1174.533,,,,,,,
1987-03-01 03:00:00,17.74,1724.9,1663.591,1329.192,,,,,,,
1987-04-01 03:00:00,18.05,1646.8,1608.434,1195.069,,,,,,,
1987-05-01 03:00:00,18.41,1737.1,1666.786,1296.057,,,,,,,
1987-06-01 03:00:00,18.71,1684.8,1635.887,1218.653,,,,,,,
1987-07-01 03:00:00,19.62,1843.2,1829.545,1272.879,,,,,,,
1987-08-01 03:00:00,18.88,1928.3,1874.354,1332.72,,,,,,,
1987-09-01 03:00:00,18.32,1985.1,1887.512,1322.579,,,,,,,
1987-10-01 03:00:00,18.63,2036.6,1964.91,1384.067,,,,,,,
1987-11-01 03:00:00,17.87,2006.0,1924.886,1348.368,,,,,,,
1987-12-01 02:00:00,16.77,1991.1,1894.096,1375.772,,,,,,,
1988-01-01 02:00:00,16.5,2052.5,1898.001,1350.097,,,,,,,
1988-02-01 02:00:00,15.9,1911.4,1767.497,1276.032,,,,,,,
1988-03-01 03:00:00,14.86,2109.7,1972.083,1410.988,,,,,,,
1988-04-01 03:00:00,16.42,1904.4,1797.255,1392.253,,,,,,,
1988-05-01 03:00:00,16.36,1920.2,1815.466,1349.072,,,,,,,
1988-06-01 03:00:00,15.49,1993.4,1909.238,1224.923,,,,,,,
1988-07-01 03:00:00,14.47,2103.4,2064.421,1351.368,,,,,,,
1988-08-01 03:00:00,14.57,2178.8,2141.489,1406.127,,,,,,,
1988-09-01 03:00:00,13.22,2195.9,2084.133,1356.411,,,,,,,
1988-10-01 03:00:00,12.23,2244.8,2119.699,1420.854,,,,,,,
1988-11-01 03:00:00,12.53,1904.2,1866.581,1206.919,,,,,,,
1988-12-01 02:00:00,14.68,2138.2,2018.515,1408.276,,,,,,,
1989-01-01 02:00:00,16.45,2141.5,2064.2,1375.4,,,,,,,
1989-02-01 02:00:00,16.52,1996.6,1925.3,1177.5,,,,,,,
1989-03-01 03:00:00,18.1,2121.6,2077.8,1305.1,,,,,,,
1989-04-01 03:00:00,19.39,2069.3,2045.5,1268.7,,,,,,,
1989-05-01 03:00:00,18.22,2004.7,1945.3,1324.4,,,,,,,
1989-06-01 03:00:00,17.8,1975.7,1910.9,1355.8,,,,,,,
1989-07-01 03:00:00,17.67,2101.8,2021.4,1384.0,,,,,,,
1989-08-01 03:00:00,16.87,2220.7,2125.4,1397.9,,,,,,,
1989-09-01 03:00:00,17.69,2136.9,2036.4,1404.9,,,,,,,
1989-10-01 03:00:00,18.41,2155.4,2089.9,1439.2,,,,,,,
1989-11-01 03:00:00,18.38,2045.4,2049.8,1412.6,,,,,,,
1989-12-01 02:00:00,19.37,2085.5,2071.1,1423.0,,,,,,,
1990-01-01 02:00:00,20.3650724637681,1963.3,1982.8,1339.0,,,,,,,
1990-02-01 02:00:00,19.5288333333333,1727.9,1757.8,1193.5,,,,,,,
1990-03-01 03:00:00,18.2207575757576,1892.1,1933.3,1323.17,,,,,,,
1990-04-01 03:00:00,16.5677777777778,1467.7,1627.6,1051.8,,,,,,,
1990-05-01 03:00:00,16.5875362318841,1540.7,1602.3,1105.6,,,,,,,
1990-06-01 03:00:00,15.1755555555556,1515.8,1544.4,1215.4,,,,,,,
1990-07-01 03:00:00,17.1368181818182,1627.8,1719.6,1178.2,,,,,,,
1990-08-01 03:00:00,26.395652173913,1550.6,1584.7,1258.1,,,,,,,
1990-09-01 03:00:00,32.8563333333333,1804.5,1796.6,1311.9,,,,,,,
1990-10-01 03:00:00,34.6708695652174,1904.3,1941.9,1353.8,,,,,,,
1990-11-01 03:00:00,31.1451515151515,1732.8,1786.0,1197.4,,,,,,,
1990-12-01 02:00:00,26.0865079365079,1839.1,1863.9,1196.1,,,,,,,
1991-01-01 02:00:00,22.8597101449275,1845.3,1812.6,1187.6,,,,,,,
1991-02-01 02:00:00,18.1585,1694.1,1658.9,1062.9,,,,,,,
1991-03-01 03:00:00,18.1460317460317,1914.5,1870.3,1127.6,,,,,,,
1991-04-01 03:00:00,18.5089393939394,1870.1,1864.3,1182.4,,,,,,,
1991-05-01 03:00:00,18.8091304347826,1930.8,1921.2,1357.4,,,,,,,
1991-06-01 03:00:00,17.926,1705.0,1644.1,1262.8,,,,,,,
1991-07-01 03:00:00,19.0317391304348,1866.9,1752.7,1273.3,,,,,,,
1991-08-01 03:00:00,19.360303030303,1990.7,1993.6,1329.1,,,,,,,
1991-09-01 03:00:00,20.0730158730159,1996.4,2000.5,1381.5,,,,,,,
1991-10-01 03:00:00,21.4460869565217,2033.2,2060.6,1353.5,,,,,,,
1991-11-01 03:00:00,20.6225396825397,1945.7,1971.3,1249.3,,,,,,,
1991-12-01 02:00:00,17.6768181818182,1825.6,1914.0,1196.1,,,,,68.585,127.772425936374,48.9298103406456
1992-01-01 02:00:00,17.3942028985507,1925.9,1965.6,1297.4,,,,,69.4735,126.207662265202,51.4594452614013
1992-02-01 02:00:00,17.6346666666667,1877.9,1701.1,1218.2,,,,,70.4062,125.02749725981,51.69044906082
1992-03-01 03:00:00,17.4483333333333,2036.0,1873.7,1299.0,,,,,70.6898,123.843322220937,54.1242662496314
1992-04-01 03:00:00,18.6327272727273,1949.4,1831.9,1272.3,,,,,71.281,123.252389105078,55.7037379103317
1992-05-01 03:00:00,19.522380952381,2059.4,1920.2,1403.2,,,,,72.402,123.26612043185,56.7949369162466
1992-06-01 03:00:00,20.8683333333333,1950.4,1866.8,1326.4,,,,,72.8605,122.024711278733,57.9257967416107
1992-07-01 03:00:00,20.1930434782609,2024.9,2002.6,1367.0,,,,,73.6562,120.974933119592,62.7711438445873
1992-08-01 03:00:00,19.6553968253968,2079.0,2057.7,1399.4,,,,,73.2473,120.145342253466,59.9073167977036
1992-09-01 03:00:00,20.1871212121212,1928.9,1932.5,1135.7,,,,,73.4429,119.587461534794,61.7895093148212
1992-10-01 03:00:00,20.0518181818182,2009.7,2002.1,1328.1,,,,,74.9808,118.875255285144,61.6454902329855
1992-11-01 03:00:00,18.8955555555556,2032.7,1933.5,1288.1,,,,,74.0279,118.206916371464,59.8592909381637
1992-12-01 02:00:00,17.9824637681159,2021.8,2055.5,1296.4,,,,,71.0253,116.782139323666,54.9979742131965
1993-01-01 02:00:00,17.3074603174603,1999.4,1869.0,1260.8,,,,,72.6875,116.80802226705,53.5407608307401
1993-02-01 02:00:00,18.1913333333333,1875.1,1753.6,1173.6,,,,,72.639,116.848001085705,53.8570529410103
1993-03-01 03:00:00,18.4976811594203,2005.4,1865.3,1371.3,,,,,75.355,117.174636540245,65.6760356337328
1993-04-01 03:00:00,18.485,2080.4,1927.4,1322.0,,,,,74.7594,117.515975450886,61.0020256106492
1993-05-01 03:00:00,18.228253968254,2151.2,1997.6,1416.9,,,,,75.7264,118.238510574656,63.3213060966848
1993-06-01 03:00:00,17.4656060606061,2142.0,1980.5,1458.8,,,,,75.9943,118.573773676991,62.4928161470349
1993-07-01 03:00:00,16.3,2193.2,2039.0,1513.0,,,,,75.7353,118.351156060653,62.7042820206481
1993-08-01 03:00:00,16.4940909090909,2216.2,2113.9,1441.3,,,,,75.9103,117.971782590015,64.5209581398552
1993-09-01 03:00:00,15.9334848484848,2142.0,2084.5,1403.7,,,,,75.8405,117.786105888179,62.7068558791374
1993-10-01 03:00:00,16.5220634920635,2185.3,2131.3,1413.9,,,,,76.8061,117.532258617146,63.2622828417814
1993-11-01 03:00:00,15.24,2130.3,2072.8,1371.4,,,,,77.0332,117.10488626089,62.6801813457024
1993-12-01 02:00:00,13.4282608695652,2082.2,2052.5,1364.9,,,,,74.2911,116.530114795126,58.734046804049
1994-01-01 02:00:00,14.1225396825397,2134.3,2095.6,1362.3,,,,,75.0667,116.098489373055,56.1916595844142
1994-02-01 02:00:00,13.7625,1963.1,1930.8,1254.6,,,,,74.2716,115.928245224316,54.5187100631236
1994-03-01 03:00:00,13.4998550724638,2171.2,2071.1,1476.3,,,,,76.5636,115.833341098574,63.7003067592409
1994-04-01 03:00:00,15.0646031746032,2147.7,2047.6,1389.9,,,,,74.4613,115.719480450916,55.1522302322057
1994-05-01 03:00:00,16.3480303030303,2252.4,2191.1,1462.3,,,,,75.618,115.871254142404,62.9560521783332
1994-06-01 03:00:00,17.2689393939394,2220.3,2136.6,1448.0,,,,,75.9293,115.843548456528,62.4226785032002
1994-07-01 03:00:00,18.0465079365079,2240.8,2170.1,1471.5,,,,,76.2918,115.329413557659,63.9108951810965
1994-08-01 03:00:00,17.0744927536232,2095.3,2055.6,1496.3,,,,,78.6685,115.157954247259,75.337247460626
1994-09-01 03:00:00,16.2433333333333,1999.7,1962.6,1490.1,,,,,79.3067,115.8199743203,76.0134702819176
1994-10-01 03:00:00,16.5260317460317,2158.6,2146.7,1502.4,,,,,79.995,116.613596401252,77.1521686763176
1994-11-01 03:00:00,17.14,2118.8,2111.9,1445.0,,,,,80.4369,116.801217361747,78.1312293475943
1994-12-01 02:00:00,16.2343939393939,2219.2,2255.7,1479.7,,,,,78.8998,116.574346679595,73.8114758474989
1995-01-01 02:00:00,16.8804545454545,2136.0,2134.3,1422.3,,,,,79.4547,117.249490498577,71.6907334458459
1995-02-01 02:00:00,17.4553333333333,1921.9,1945.0,1227.4,,,,,78.6105,117.617562965765,68.5054080749295
1995-03-01 03:00:00,17.3682608695652,2193.8,2150.2,1403.2,,,,,81.3941,118.193306560858,83.6558996014064
1995-04-01 03:00:00,18.6558333333333,1912.2,1876.0,1368.8,,,,,78.1353,118.344229639184,70.167594187992
1995-05-01 03:00:00,18.5549275362319,2046.9,2026.0,1338.7,,,,,78.9825,118.095243014797,76.9786672154222
1995-06-01 03:00:00,17.320303030303,1986.2,2023.6,1303.9,,,,,77.7389,116.896364519822,73.2169730332439
1995-07-01 03:00:00,16.1553968253968,2225.7,2230.4,1378.6,,,,,76.9327,115.557985466138,70.4879225763478
1995-08-01 03:00:00,16.5653623188406,2294.9,2255.6,1392.0,,,,,77.6414,112.999948653072,74.7484188344044
1995-09-01 03:00:00,16.8136507936508,2079.1,2098.3,1279.7,,,,,76.5291,111.755137047302,71.264116401237
1995-10-01 03:00:00,16.1681818181818,2156.3,2222.5,1294.9,,,,,77.8671,110.787260784129,74.6852423078478
1995-11-01 03:00:00,16.875303030303,2016.9,2092.0,1236.9,,,,,77.675,109.91769109935,74.5061251557029
1995-12-01 02:00:00,18.151746031746,2028.2,2186.3,1242.8,,,,,75.5973,108.730721188654,67.2032696664562
1996-01-01 02:00:00,17.9171014492754,2050.1,2067.1,1352.0,2893.0,,,679.2512,75.6054,108.050109142197,67.5778830702236
1996-02-01 02:00:00,17.6425396825397,1960.2,1977.4,1325.3,,,,597.3034,76.4213,107.389425746983,68.4737613148674
1996-03-01 03:00:00,19.3701587301587,2042.6,1939.7,1372.5,,,,438.733,77.9363,107.047965320177,75.1298763618822
1996-04-01 03:00:00,20.7963636363636,1888.6,1794.4,1306.2,,,,622.7592,77.1061,106.78767769234,74.4564613862152
1996-05-01 03:00:00,19.168115942029,1950.5,1814.7,1317.9,,,,640.6415,78.3762,106.47671782323,80.6434322267631
1996-06-01 03:00:00,18.7768333333333,2062.0,1985.7,1307.9,,,,547.3022,77.5252,106.26637333967,74.8475123862442
1996-07-01 03:00:00,19.581884057971,2229.5,2107.6,1472.5,,,,536.0423,78.8368,106.126508232462,82.0225524027814
1996-08-01 03:00:00,20.3793939393939,2230.1,2099.7,1452.0,,,,542.0507,79.1389,105.633395630333,81.7506593514524
1996-09-01 03:00:00,22.4190476190476,2181.8,2053.8,1453.6,,,,476.9728,79.3705,105.777756835688,81.5557480676682
1996-10-01 03:00:00,23.6026086956522,2238.8,2104.9,1521.1,,,,525.3829,79.9226,105.577498193916,85.3814377313771
1996-11-01 03:00:00,22.5850793650794,2194.5,2060.4,1397.3,,,,447.8034,80.0263,105.103828178367,83.8336713275228
1996-12-01 02:00:00,23.7062121212121,2182.3,2124.0,1454.7,,,,525.8877,77.9642,104.095000967209,73.4812615026726
1997-01-01 02:00:00,23.4063768115942,2047.9,1952.6,1387.5,3029.45,37.71,37.28,566.84,77.9365,103.778329838291,75.881852518258
1997-02-01 02:00:00,20.6748333333333,2015.4,1863.9,1318.3,,25.76,36.03,419.0191,76.733,103.340993156413,73.0852967728004
1997-03-01 03:00:00,19.5687301587302,2217.2,2056.0,1452.1,,39.18,36.44,506.4243,78.2706,103.027724480146,81.2812226610661
1997-04-01 03:00:00,18.0840909090909,2191.7,2066.2,1433.1,,33.54,37.0,567.9041,78.9793,102.99467208296,84.8102751338778
1997-05-01 03:00:00,19.5277272727273,2240.6,2099.1,1553.3,,33.78,36.04,449.9879,79.0618,102.817015448089,83.8436742775609
1997-06-01 03:00:00,18.0760317460317,2261.5,2113.2,1508.1,,40.29,37.18,498.9562,78.9261,102.681160374362,86.4815282484367
1997-07-01 03:00:00,18.4884057971014,2252.1,2139.2,1534.1,,39.06,36.78,583.8433,79.5971,101.952427926119,89.0149654601424
1997-08-01 03:00:00,18.8103174603175,2267.8,2147.4,1504.8,,31.31,36.95,554.3916,79.2407,101.442060028401,87.4447362912904
1997-09-01 03:00:00,18.775303030303,2227.5,2148.3,1494.5,,33.62,36.52,559.0431,80.2598,101.1066754099,91.9915158095026
1997-10-01 03:00:00,20.1531884057971,2140.9,2070.2,1506.8,,36.3,35.55,553.6876,80.232,100.612833710774,94.8786245763583
1997-11-01 03:00:00,19.2963333333333,2088.3,2086.1,1369.2,,36.92,36.66,459.8103,79.4478,99.719082308936,84.0659035594023
1997-12-01 02:00:00,17.3594202898551,2200.2,2222.7,1389.8,,32.54,36.71,546.5298,75.6569,98.3884802898828,77.4340061809009
1998-01-01 02:00:00,15.3201515151515,2156.7,2183.8,1301.4,3441.37,58.89,36.54,541.551,77.4032,97.4632562010188,75.6989915719467
1998-02-01 02:00:00,14.2878333333333,1992.3,2036.6,1265.3,,30.82,36.0,474.8715,77.3714,96.9531313356324,74.0396133045089
1998-03-01 03:00:00,13.3310606060606,2158.9,2167.5,1463.6,,46.7,36.38,547.8256,78.8411,96.701835904089,87.8744536654434
1998-04-01 03:00:00,13.7631818181818,2138.7,2069.5,1415.3,,38.08,37.16,532.4986,78.2696,96.8271190713622,82.169262336674
1998-05-01 03:00:00,14.0374603174603,2258.9,2209.7,1516.9,,37.72,37.65,490.345,79.3235,96.7659964398021,85.1055668987463
1998-06-01 03:00:00,12.8769696969697,2181.1,2121.6,1513.7,,39.65,37.59,466.1345,78.9831,96.5454445982879,84.7821381808465
1998-07-01 03:00:00,12.8878260869565,2378.0,2316.1,1524.7,,44.58,37.5,470.0926,79.5106,96.2533197349271,84.8972598514609
1998-08-01 03:00:00,12.5739682539683,2349.2,2280.5,1453.5,,35.29,37.6,312.9192,79.491,95.6677333303779,86.9238809279015
1998-09-01 03:00:00,13.8795454545455,2122.4,2023.6,1429.8,,36.3,36.96,483.9629,79.2954,95.4353944207497,87.5294981310876
1998-10-01 03:00:00,13.3660606060606,2131.0,2059.5,1282.4,,37.66,38.05,485.1298,78.8202,94.7285348824093,85.1252218181195
1998-11-01 03:00:00,11.994126984127,1995.1,1906.1,1125.7,,26.53,37.19,375.4335,77.7767,93.4416786831614,81.7717181936379
1998-12-01 02:00:00,10.5107246376812,1890.0,1886.5,1044.0,,38.24,36.72,411.469,73.6616,92.1678247136887,78.3705396903195
1999-01-01 02:00:00,11.461746031746,2026.6,1994.1,1153.3,2905.01,26.91,36.95,391.4761,73.8175,91.4081056430845,73.7916454377741
1999-02-01 02:00:00,10.838,1888.8,1804.9,1232.7,,33.37,36.12,420.1236,74.9515,90.3856686213214,71.4437600244365
1999-03-01 03:00:00,13.3031884057971,2129.6,2007.4,1425.7,,31.49,36.17,444.1999,77.9627,89.9378815491563,86.1862364835687
1999-04-01 03:00:00,15.8992424242424,2123.0,2020.1,1464.8,,27.71,33.56,376.8092,77.7896,89.8929205676905,78.2609752141708
1999-05-01 03:00:00,16.2414285714286,2176.6,2058.9,1457.8,,47.9,33.59,469.5308,80.2026,89.9452940352897,81.029803484084
1999-06-01 03:00:00,16.5324242424242,2046.7,1955.7,1466.2,,35.53,33.15,425.8373,78.6676,90.0835794323383,84.7234074098623
1999-07-01 03:00:00,18.9716666666667,2039.2,1968.8,1538.2,,43.59,31.8,432.2865,78.4049,89.9980320513874,83.5727756715573
1999-08-01 03:00:00,20.4121212121212,2136.9,2092.0,1498.7,,39.46,32.35,388.8579,78.9732,89.9971814382245,89.7971844537685
1999-09-01 03:00:00,22.9959090909091,2088.7,2081.9,1460.7,,41.26,31.96,437.3093,79.0981,90.1279328329734,89.6831157252634
1999-10-01 03:00:00,22.0461904761905,2036.8,2084.1,1398.8,,38.54,31.48,456.0977,79.7757,90.2352316076605,89.6538088365547
1999-11-01 03:00:00,24.3395454545455,2143.8,2215.4,1387.0,,35.22,31.46,441.3413,80.2822,90.1325504472861,90.8448033557154
1999-12-01 02:00:00,25.1095652173913,2121.7,2249.1,1326.1,,41.74,30.91,558.2391,78.6421,89.6455136534631,86.4071788361648
2000-01-01 02:00:00,25.4057142857143,2187.2,2164.8,1280.0,3222.21,44.11,31.38,485.5101,78.4081,89.5011524481083,78.361472688823
2000-02-01 02:00:00,27.3709523809524,2157.7,2172.4,1438.8,,33.47,31.81,559.9779,80.2825,89.4975069631247,84.6928720886933
2000-03-01 03:00:00,27.4944927536232,2349.6,2317.5,1489.9,,44.82,32.18,592.8381,80.4376,89.6602171095641,90.3726173164886
2000-04-01 03:00:00,23.767,2201.5,2227.0,1479.0,,37.05,32.89,452.0431,79.856,90.2581981630579,84.8426238553461
2000-05-01 03:00:00,27.4242028985507,2447.7,2326.0,1585.9,,49.0,32.98,538.7804,80.9112,90.9755080916849,95.062830948698
2000-06-01 03:00:00,29.8315151515151,2294.6,2299.5,1575.6,,41.9,32.53,487.3876,80.4752,91.340664170886,92.6704294828512
2000-07-01 03:00:00,28.3385714285714,2284.9,2313.5,1606.7,,41.29,32.88,493.7238,80.9517,91.333737749417,93.4332860410232
2000-08-01 03:00:00,30.0063768115942,2439.5,2378.9,1609.1,,46.52,32.8,536.6891,81.8376,91.5270699697195,99.3971501479721
2000-09-01 03:00:00,32.4385714285714,2378.3,2334.7,1605.4,,41.26,32.96,521.2237,81.2124,91.6504088783348,97.0269189632042
2000-10-01 03:00:00,31.6495454545455,2397.7,2397.5,1624.4,,46.46,33.24,429.7978,81.9383,91.6499228136704,100.544623059949
2000-11-01 03:00:00,32.6065151515152,2310.2,2408.3,1499.4,,38.41,32.68,488.2275,82.1974,91.6986507962859,100.833129197891
2000-12-01 02:00:00,25.3185714285714,2398.3,2310.7,1407.7,,37.44,32.66,525.7385,79.9584,91.1253375245152,96.4329426200039
2001-01-01 02:00:00,25.9588405797101,2394.1,2441.8,1497.3,3103.7,51.06,32.69,457.0358,80.3601,91.46655491899,91.9723873611848
2001-02-01 02:00:00,27.4313333333333,2240.3,2310.4,1438.2,,30.03,32.69,441.1668,80.424,91.8353564831748,90.0508850053201
2001-03-01 03:00:00,25.2842424242424,2473.9,2504.0,1662.4,,46.17,32.78,489.7325,81.8834,91.9209038641257,106.819924044108
2001-04-01 03:00:00,25.9063492063492,2315.2,2378.3,1586.5,,34.38,32.75,363.8243,81.0305,92.2159451154736,99.9270725128581
2001-05-01 03:00:00,27.4902898550725,2282.8,2276.9,1664.5,,46.18,32.5,495.655,81.803,92.781116804114,112.428069208473
2001-06-01 03:00:00,27.1090476190476,1772.8,1918.8,1475.1,,37.77,32.64,364.1381,80.713,92.6427098908994,108.355932594409
2001-07-01 03:00:00,24.9436363636364,1881.6,1977.5,1458.6,,45.72,33.08,420.5154,80.1532,92.3752528092616,107.059351380401
2001-08-01 03:00:00,25.9221739130435,2194.4,2249.7,1453.8,,40.87,33.03,488.714,80.7427,91.7980510201749,107.696381356515
2001-09-01 03:00:00,25.4288333333333,2299.1,2308.1,1500.1,,35.13,32.73,338.2184,80.2745,91.6941546981393,104.320648954171
2001-10-01 03:00:00,21.0566666666667,2278.8,2303.4,1742.7,,44.79,33.34,455.804,80.7231,91.168475763489,108.737916592942
2001-11-01 03:00:00,18.7287878787879,2222.6,2296.9,1420.2,,35.35,32.02,406.5612,80.0987,90.6160632722916,100.29232643121
2001-12-01 02:00:00,18.6146031746032,2361.4,2425.2,1400.8,,34.48,31.84,434.7863,76.6717,90.1160242486933,88.2662651236623
2002-01-01 02:00:00,19.3305797101449,2382.4,2330.1,1475.1,3190.78,35.63,31.69,452.0965,79.1239,90.141299611247,87.4583075451437
2002-02-01 02:00:00,20.1581666666667,2259.8,2220.2,1406.1,,33.05,31.87,381.8326,79.3776,90.2653676168591,82.8483515003744
2002-03-01 03:00:00,23.8266666666667,2409.2,2425.6,1536.4,,40.23,31.56,432.7176,81.2769,90.786793485695,93.4558073028053
2002-04-01 03:00:00,25.5107575757576,2215.3,2199.1,1487.3,,44.28,31.1,419.6875,81.7484,91.4748180182863,96.8534175023087
2002-05-01 03:00:00,25.7197101449275,2450.1,2485.2,1578.0,,31.79,31.14,392.8518,81.3082,91.8818971748001,95.9934562829482
2002-06-01 03:00:00,24.5733333333333,2420.2,2428.7,1525.5,,8.76,41.23,320.59,80.6683,91.9386452243798,95.4624224791694
2002-07-01 03:00:00,25.7604347826087,2498.3,2519.5,1571.6,,67.72,31.04,693.8088,81.463,91.8157923804289,102.779609680459
2002-08-01 03:00:00,26.7407575757576,2580.4,2597.1,1673.0,,64.72,30.77,583.0559,82.0591,91.7937979543605,110.195480956102
2002-09-01 03:00:00,28.324126984127,2579.0,2599.3,1682.3,,54.5,30.03,557.0005,81.6043,91.8647633953766,110.433211885662
2002-10-01 03:00:00,27.4482608695652,2644.8,2646.1,1740.5,,44.42,30.53,644.9347,82.5083,92.0670878119723,119.408373431578
2002-11-01 03:00:00,24.6504761904762,2575.6,2584.7,1646.8,,42.28,31.17,632.7525,81.3883,91.6423888113707,103.324624215577
2002-12-01 02:00:00,27.9630303030303,2588.5,2659.6,1709.6,,40.04,30.69,528.3309,79.6149,91.035658593916,93.6397211912253
2003-01-01 02:00:00,30.5339130434783,2539.6,2494.3,1692.6,3628.28,50.49,31.62,602.167,79.5,89.7,88.4
2003-02-01 02:00:00,32.926,2356.4,2390.3,1524.3,,43.4,31.85,530.4749,79.2,90.0,90.2
2003-03-01 03:00:00,30.3028571428571,2640.9,2659.2,1767.1,,45.31,31.71,579.4559,79.8,90.4,92.4
2003-04-01 03:00:00,25.650303030303,2522.2,2502.3,1722.0,,48.5,31.69,477.7495,79.3,91.4,89.0
2003-05-01 03:00:00,26.0851515151515,2671.7,2716.1,1785.4,,48.19,32.26,660.4588,80.2,92.2,92.8
2003-06-01 03:00:00,27.9868253968254,2591.0,2711.8,1744.5,,37.44,32.02,591.7366,79.6,92.2,88.9
2003-07-01 03:00:00,28.6617391304348,2685.9,2792.6,1741.2,,40.07,32.78,666.2862,79.2,91.6,94.2
2003-08-01 03:00:00,29.7274603174603,2769.4,2860.2,1809.6,,33.97,35.29,534.8752,79.9,91.6,97.3
2003-09-01 03:00:00,26.9327272727273,2595.4,2726.4,1860.6,,56.03,37.62,755.4576,80.6,91.8,100.8
2003-10-01 03:00:00,29.0202898550725,2508.0,2654.8,1872.7,,64.41,40.56,776.0429,80.7,91.7,105.4
2003-11-01 03:00:00,29.1051666666667,2592.0,2701.1,1786.6,,41.69,36.06,698.797,80.2,91.6,97.7
2003-12-01 02:00:00,29.9747826086957,2657.2,2829.4,1783.5,,30.07,35.94,687.3817,78.5,90.0,92.7
2004-01-01 02:00:00,31.3966666666667,2677.0,2808.4,1836.0,5236.83,67.47,35.11,705.8151,78.9,90.1,86.3
2004-02-01 02:00:00,31.4503333333333,2572.7,2673.4,1819.1,,43.82,34.33,645.8746,79.1,90.7,83.5
2004-03-01 03:00:00,33.5805797101449,2742.9,2858.1,2018.3,,67.95,35.23,817.2668,81.3,91.7,101.9
2004-04-01 03:00:00,33.9036363636364,2667.1,2786.2,1828.3,,29.12,39.12,694.7127,81.1,92.7,95.2
2004-05-01 03:00:00,37.537619047619,2745.5,2868.4,1997.6,,39.86,40.38,873.6326,81.6,94.1,102.4
2004-06-01 03:00:00,35.6825757575758,2749.2,2910.1,1878.0,,52.95,40.46,862.1491,82.4,94.9,105.3
2004-07-01 03:00:00,37.985303030303,2835.5,2954.5,1968.7,,66.89,39.39,1123.7387,82.9,95.5,103.7
2004-08-01 03:00:00,41.9243939393939,2890.5,2983.4,1999.3,,75.41,39.69,812.9481,83.5,96.5,111.0
2004-09-01 03:00:00,41.7195454545455,2801.4,2922.2,2010.9,,59.61,39.94,1103.6061,83.8,97.4,108.2
2004-10-01 03:00:00,47.0393650793651,2706.4,2917.6,2083.1,,57.65,40.23,858.9867,83.8,97.9,106.0
2004-11-01 03:00:00,42.3331818181818,2757.3,2882.2,1982.0,,65.08,40.21,987.6207,83.0,97.9,104.2
2004-12-01 02:00:00,39.1273913043478,2791.2,3014.2,1949.2,,60.45,40.52,1019.5982,81.3,96.1,99.3
2005-01-01 02:00:00,43.1622222222222,2589.8,2816.4,1826.1,8010.29,50.74,41.16,1097.5185,81.0,96.1,87.6
2005-02-01 02:00:00,44.4615,2590.2,2771.3,1835.8,,59.12,40.94,970.4479,81.1,96.3,88.1
2005-03-01 03:00:00,51.1326086956522,2761.3,2918.4,1996.2,,58.3,42.06,1220.7133,82.6,97.2,103.0
2005-04-01 03:00:00,50.9123809523809,2758.4,2940.0,1964.7,,62.13,51.23,1025.4467,81.9,98.4,98.8
2005-05-01 03:00:00,48.0939393939394,2743.4,2983.2,1738.2,,55.97,62.94,1097.5524,82.2,98.8,103.0
2005-06-01 03:00:00,54.0812121212121,2490.8,2534.2,1743.2,,59.42,64.04,1074.5147,82.4,99.0,105.5
2005-07-01 03:00:00,56.4366666666667,2491.2,2926.3,1788.1,,63.85,58.51,1114.6545,81.9,98.8,99.6
2005-08-01 03:00:00,61.9178260869565,1963.2,2992.2,1963.2,,61.7,61.19,993.4269,82.7,98.9,106.3
2005-09-01 03:00:00,61.9492424242424,2588.6,2866.1,1890.2,,59.47,59.74,1028.7389,81.8,99.0,103.4
2005-10-01 03:00:00,58.2873015873016,2675.6,2983.5,1989.1,,61.71,61.46,951.3787,82.6,98.9,101.7
2005-11-01 02:00:00,55.0530303030303,2636.7,2800.2,1949.1,,66.95,60.88,1166.6872,82.7,98.1,103.9
2005-12-01 02:00:00,56.5877272727273,2656.1,2820.2,1905.4,,73.56,61.26,1159.6508,80.3,97.0,100.5
2006-01-01 02:00:00,62.3357575757576,2576.8,2594.3,1960.7,9755.32,53.81,60.55,1302.0245,79.5,97.1,87.9
2006-02-01 02:00:00,59.8955,2130.7,2229.0,1617.2,,51.12,61.5,984.8701,80.3,97.5,86.2
2006-03-01 03:00:00,61.3639130434783,2478.7,2519.6,1856.1,,74.22,61.25,1253.365,81.3,98.1,102.7
2006-04-01 03:00:00,68.1836666666667,2416.3,2486.9,1867.5,,47.92,62.93,984.0525,80.1,99.6,91.4
2006-05-01 03:00:00,68.9234782608696,2496.1,2495.1,1923.0,,40.26,61.51,1092.3579,82.8,100.2,102.0
2006-06-01 03:00:00,68.4516666666667,2380.4,2440.7,1933.5,,68.39,65.52,1185.2953,82.3,100.5,100.6
2006-07-01 03:00:00,72.4720634920635,2723.9,2926.3,2117.0,,88.32,67.31,1494.7719,81.9,100.6,99.8
2006-08-01 03:00:00,71.7657971014493,2812.1,3001.2,2133.2,,69.88,67.46,1479.2765,83.0,101.1,108.6
2006-09-01 03:00:00,62.0855555555556,2757.1,2922.5,2100.6,,65.34,68.51,1477.4047,83.0,101.8,106.1
2006-10-01 03:00:00,57.9927272727273,2787.0,2946.6,2114.8,,75.86,68.93,1436.0528,83.3,101.8,108.5
2006-11-01 03:00:00,58.4468181818182,2704.5,2821.9,1976.9,,65.42,69.19,1549.3386,83.1,101.6,106.2
2006-12-01 02:00:00,60.9012698412698,2646.4,2895.8,1900.7,,57.94,68.39,1482.1155,80.7,100.3,99.6
2007-01-01 02:00:00,53.7071014492754,2703.3,2866.7,2038.3,12009.37,69.29,67.65,1552.8334,80.3,100.4,92.0
2007-02-01 02:00:00,57.7058333333333,2130.7,2459.8,1878.7,,60.39,67.14,1335.593,80.7,100.8,91.2
2007-03-01 03:00:00,60.6425757575758,2785.0,2896.1,2139.8,,67.95,68.49,1465.7568,82.5,101.8,108.1
2007-04-01 03:00:00,65.1785714285714,2707.8,2691.8,2079.8,,68.67,68.05,1356.468,81.6,103.4,100.4
2007-05-01 03:00:00,65.2365217391304,2900.6,2991.7,2268.6,,71.98,69.05,1502.1652,83.4,104.5,108.1
2007-06-01 03:00:00,68.1009523809524,2732.6,2850.0,2149.6,,61.0,70.19,1435.704,82.8,104.6,106.3
2007-07-01 03:00:00,73.434696969697,2868.6,3035.0,2178.0,,89.61,72.22,1490.3616,83.1,104.9,108.1
2007-08-01 03:00:00,70.348115942029,2939.6,3153.6,2153.5,,76.22,72.65,1490.9278,84.4,105.6,116.6
2007-09-01 03:00:00,76.6166666666667,2867.8,3023.9,2094.4,,68.28,72.66,1313.4067,83.8,106.3,110.1
2007-10-01 03:00:00,82.1246376811594,2898.8,3095.0,2252.1,,83.77,74.49,1544.963,85.0,106.8,118.4
2007-11-01 02:00:00,91.3237878787879,2871.6,3012.5,2204.6,,68.16,70.74,1406.0589,84.8,106.7,114.6
2007-12-01 02:00:00,89.8509523809524,3010.9,3246.6,2195.0,,78.01,73.56,1374.14,82.1,105.3,103.9
2008-01-01 02:00:00,90.7656521739131,2971.0,3231.6,2242.5,18722.58,77.87,72.74,1622.9454,82.4,106.0,103.3
2008-02-01 02:00:00,93.3830158730159,2709.6,2887.9,2035.0,,69.12,76.45,1483.6357,82.7,106.3,103.4
2008-03-01 03:00:00,101.679841269841,2960.0,3080.7,2212.6,,45.44,70.41,1279.4574,83.2,107.1,111.1
2008-04-01 03:00:00,108.744090909091,2900.4,2958.1,2200.3,,58.77,75.35,1539.2407,83.4,108.4,113.3
2008-05-01 03:00:00,122.949848484848,2972.3,3125.9,2215.5,,113.05,78.86,1834.5874,84.0,109.2,114.9
2008-06-01 03:00:00,131.634761904762,2933.8,3133.3,2088.9,,81.44,112.22,1843.3759,84.1,109.8,116.6
2008-07-01 03:00:00,132.542028985507,3198.2,3289.3,2182.4,,89.03,131.32,2131.4761,84.7,110.3,122.5
2008-08-01 03:00:00,114.372222222222,3141.9,3355.6,2262.5,,89.94,130.16,2171.3769,84.4,110.8,117.4
2008-09-01 03:00:00,99.8251515151515,3009.8,3205.2,2140.1,,91.0,132.17,2094.3956,85.1,112.0,123.5
2008-10-01 03:00:00,71.9278260869565,2897.3,3105.7,2342.4,,85.28,127.7,2095.1113,85.0,112.0,124.7
2008-11-01 02:00:00,53.1925,2323.6,2293.1,1725.9,,55.67,131.6,1496.0932,82.9,110.5,107.9
2008-12-01 02:00:00,40.191884057971,1646.0,1815.5,926.6,,51.18,116.69,1073.6352,78.1,107.5,100.4
2009-01-01 02:00:00,42.8507575757576,1616.6,1681.9,1020.8,14441.88,49.59,108.82,1134.1134,77.0,105.9,89.3
2009-02-01 02:00:00,41.373,1653.8,1598.5,1133.1,,50.77,103.31,883.9125,77.2,104.9,90.6
2009-03-01 03:00:00,46.4340909090909,1731.0,1656.9,1317.0,,65.63,106.68,1019.3395,78.9,104.4,109.6
2009-04-01 03:00:00,49.7569696969697,1728.5,1595.5,1467.5,,67.71,108.7,1010.5149,79.5,104.4,100.7
2009-05-01 03:00:00,58.0304761904762,1731.0,1656.9,1317.0,,42.21,98.33,750.321,80.7,104.7,104.7
2009-06-01 03:00:00,68.7019696969697,1941.6,1725.6,1662.6,,64.75,87.66,1006.9256,80.5,104.7,109.4
2009-07-01 03:00:00,64.8784057971014,2495.9,2245.2,1903.8,,75.49,83.58,950.7292,81.3,104.6,112.3
2009-08-01 03:00:00,71.8039682539683,2676.4,2550.9,1988.3,,70.36,80.52,1158.4302,81.9,105.7,113.0
2009-09-01 03:00:00,68.1525757575757,2716.9,2609.1,1958.6,,87.04,77.98,1283.6747,82.6,106.5,117.1
2009-10-01 03:00:00,74.0051515151515,2797.0,2827.0,2342.0,,79.77,80.7,1401.0706,83.7,107.1,120.0
2009-11-01 02:00:00,77.338253968254,2675.5,2631.5,1991.4,,65.62,78.95,1094.6221,83.3,107.3,114.6
2009-12-01 02:00:00,74.6920289855073,2579.5,2641.7,2006.1,,82.65,81.65,1099.6488,81.1,106.3,113.4
2010-01-01 02:00:00,77.0961904761905,2751.1,2655.1,2085.3,30792.11,65.57,86.11,1031.7353,79.8,106.7,97.6
2010-02-01 02:00:00,74.646,2445.7,2450.7,1977.3,,73.42,92.91,1118.9679,79.8,107.8,100.1
2010-03-01 03:00:00,79.6394202898551,2828.5,2742.9,2207.7,,83.96,95.8,1299.5346,82.8,109.5,124.4
2010-04-01 03:00:00,84.3127272727273,2707.4,2568.8,2181.5,,68.94,122.48,1112.0339,83.6,110.5,112.5
2010-05-01 03:00:00,75.3698412698413,2856.0,2584.7,2296.4,,72.47,163.46,1299.6644,84.4,111.6,118.8
2010-06-01 03:00:00,74.945,2850.0,2691.8,2334.4,,79.76,164.91,1245.6333,83.9,112.1,120.3
2010-07-01 03:00:00,74.8210606060606,2852.8,2680.6,2445.0,,82.43,189.56,1266.3736,84.3,112.7,123.3
2010-08-01 03:00:00,76.0151515151515,2917.3,2654.8,2102.8,,92.59,210.43,1177.0255,84.8,113.9,126.5
2010-09-01 03:00:00,76.339696969697,2703.3,2694.6,2079.3,,84.15,213.89,1241.247,84.5,114.5,128.5
2010-10-01 03:00:00,81.8942857142857,2927.7,2772.5,2226.0,,95.19,198.16,1458.3857,85.0,114.6,124.8
2010-11-01 02:00:00,84.4681818181818,2599.6,2488.2,2054.8,,78.31,191.82,1566.4686,85.0,114.1,125.2
2010-12-01 02:00:00,90.186231884058,2407.0,2464.7,1812.6,,98.4,192.87,1807.9126,81.7,112.6,119.5
2011-01-01 02:00:00,93.0593650793651,2795.6,2653.0,2092.6,44215.77,72.93,190.16,1694.5229,81.6,112.1,105.4
2011-02-01 02:00:00,97.7711666666667,2676.5,2612.2,2051.5,,73.51,196.83,1573.8974,82.3,112.7,114.4
2011-03-01 03:00:00,108.630144927536,3046.8,2859.4,2362.2,,78.88,196.75,1704.0088,83.3,113.2,124.4
2011-04-01 03:00:00,116.430952380952,2988.1,2805.3,2128.6,,79.57,217.14,1733.0833,82.9,113.9,114.4
2011-05-01 03:00:00,108.15196969697,3276.4,3074.2,2238.1,,82.62,229.02,1873.364,84.0,114.7,124.9
2011-06-01 03:00:00,106.030151515152,2862.2,2761.5,2138.2,,79.44,233.11,1877.6478,83.6,114.8,123.6
2011-07-01 03:00:00,108.502857142857,3121.0,2923.2,1966.6,,86.36,233.87,1843.6108,83.6,115.0,123.5
2011-08-01 03:00:00,100.532028985507,3062.2,2346.8,2184.9,,100.29,237.07,2095.8501,84.6,115.4,131.3
2011-09-01 03:00:00,100.771212121212,2859.2,2172.6,2101.0,,92.19,235.26,1714.9762,84.0,115.5,131.1
2011-10-01 03:00:00,100.153968253968,2890.9,2191.9,2113.9,,87.43,235.15,1556.92,84.2,115.0,129.9
2011-11-01 02:00:00,105.021515151515,2741.1,2145.7,1890.7,,97.38,201.95,1746.6043,83.7,113.9,128.6
2011-12-01 02:00:00,103.768484848485,2705.7,2242.1,1831.3,,109.13,182.8,1624.5204,80.4,112.4,123.5
2012-01-01 02:00:00,106.707272727273,2811.1,2215.2,2042.8,33244.04,58.19,171.18,1728.9582,78.9,112.6,107.3
2012-02-01 02:00:00,112.713015873016,2806.2,2154.9,2114.6,,71.56,167.89,1760.1734,80.9,112.3,109.2
2012-03-01 03:00:00,117.829696969697,3112.8,2416.3,2354.1,,86.28,169.8,1627.8065,82.1,112.7,126.1
2012-04-01 03:00:00,113.764285714286,3028.9,2354.2,2193.9,,80.5,172.23,1617.7946,81.5,113.1,112.9
2012-05-01 03:00:00,104.335942028985,2886.7,2234.5,2293.2,,82.23,176.93,1790.6588,82.7,113.8,127.0
2012-06-01 03:00:00,90.9092063492063,2762.4,2154.6,2195.7,,82.46,179.9,1414.3183,82.0,113.5,123.1
2012-07-01 03:00:00,96.954393939394,3001.2,2300.2,2279.2,,85.29,179.71,1559.9958,82.6,113.8,125.5
2012-08-01 03:00:00,105.617826086956,2871.0,2201.3,2277.7,,85.56,172.11,1541.0844,83.3,113.8,138.1
2012-09-01 03:00:00,106.399833333333,2863.8,2206.4,2176.3,,85.67,153.37,1369.0728,83.2,114.3,129.0
2012-10-01 03:00:00,103.272028985507,3153.8,2442.0,2277.7,,103.02,143.16,1661.8736,84.0,114.5,136.4
2012-11-01 02:00:00,101.246060606061,2843.5,2180.2,2177.6,,101.25,141.76,1489.8245,83.5,114.1,131.6
2012-12-01 02:00:00,101.409841269841,2791.0,2186.5,2013.9,,100.37,151.65,1427.7832,80.7,112.3,124.1
2013-01-01 02:00:00,105.147971014493,2769.437,2178.041,2051.441,35081.79,76.94,158.35,1738.2371,81.8,112.0,114.3
2013-02-01 02:00:00,107.639666666667,2574.894,1999.501,1942.836,,66.51,176.87,1336.606,81.3,112.6,110.2
2013-03-01 03:00:00,102.829682539683,2858.521,2157.547,2194.384,,69.73,188.65,1458.3894,82.2,113.3,127.0
2013-04-01 03:00:00,98.8409090909091,2913.622,2239.881,2211.587,,76.24,186.08,1514.8029,83.1,113.9,129.1
2013-05-01 03:00:00,99.4230434782609,2999.775,2240.067,2354.716,,82.25,189.42,1436.1996,83.0,114.1,131.4
2013-06-01 03:00:00,99.8378333333334,2836.535,2123.028,2284.417,,83.19,172.07,1218.3751,82.3,114.2,129.0
2013-07-01 03:00:00,105.344927536232,2918.241,2213.095,2252.236,,93.28,158.53,1161.0698,82.9,114.6,132.3
2013-08-01 03:00:00,108.188333333333,2976.77,2308.4,2257.548,,96.18,149.03,1149.7981,83.3,114.8,141.0
2013-09-01 03:00:00,108.810634920635,2981.309,2244.132,2181.567,,90.05,167.54,1322.2498,82.9,115.6,136.7
2013-10-01 03:00:00,105.680579710145,2980.32,2247.802,2309.355,,102.23,172.61,1490.2756,84.0,115.8,139.6
2013-11-01 02:00:00,102.687142857143,2727.159,2055.209,2199.432,,95.28,170.2,1413.8791,83.2,115.1,132.6
2013-12-01 02:00:00,105.631060606061,2625.874,2193.517,2023.608,,104.36,171.83,1493.6951,79.8,113.4,122.6
2014-01-01 02:00:00,102.219275362319,2763.104,2102.952,2026.777,28401.07,77.04,170.24,1534.6391,80.8,113.6,116.2
2014-02-01 02:00:00,104.933833333333,2621.952,1949.064,1998.324,,71.63,167.09,1279.0716,81.4,114.5,121.5
2014-03-01 03:00:00,104.260158730159,2979.472,2238.002,2279.064,,77.75,163.49,1135.1419,80.8,114.4,125.0
2014-04-01 03:00:00,104.999848484848,2773.487,2076.291,2210.691,,77.33,146.03,1426.4665,81.1,114.4,124.1
2014-05-01 03:00:00,105.787575757576,2891.691,2181.888,2087.139,,97.33,146.13,1220.6129,81.3,114.5,129.6
2014-06-01 03:00:00,108.547936507937,2718.474,2203.266,1972.757,,91.35,137.49,1357.7837,80.0,113.8,118.7
2014-07-01 03:00:00,105.456231884058,2969.407,2357.12,2100.286,,98.29,120.24,1687.6391,81.7,113.4,125.9
2014-08-01 03:00:00,100.109047619048,2963.39,2441.311,2099.596,,89.5,120.29,1449.9343,81.8,113.1,129.7
2014-09-01 03:00:00,95.8348484848485,2874.88,2418.174,2166.998,,103.5,118.76,1740.5457,82.3,112.6,134.5
2014-10-01 03:00:00,86.1228985507246,3052.4,2434.747,2192.785,,98.09,106.26,1711.08,82.6,112.2,140.3
2014-11-01 02:00:00,77.0188333333333,2666.147,2162.414,2041.72,,81.8,106.37,1532.9504,81.9,111.7,130.4
2014-12-01 02:00:00,60.6230434782609,2622.63,2451.077,1729.218,,118.59,95.4,1689.5912,78.7,110.1,120.7
2015-01-01 02:00:00,47.6609090909091,2995.593,2500.763,2007.832,16653.8,81.12,93.62,1681.0718,79.6,110.0,106.8
2015-02-01 02:00:00,55.0103333333333,2666.853,2172.337,1997.281,,80.65,90.15,1288.7682,78.8,109.6,109.3
2015-03-01 03:00:00,52.8745454545455,2768.357,2278.778,2160.704,,95.65,82.67,1656.4497,80.6,109.4,126.2
2015-04-01 03:00:00,57.5462121212121,2897.342,2372.167,2049.095,,93.81,73.8,1194.471,80.4,108.7,111.5
2015-05-01 03:00:00,62.5868253968254,2983.106,2452.68,1909.18,,88.73,64.58,1385.6338,79.7,108.2,116.0
2015-06-01 03:00:00,61.415303030303,2776.468,2343.848,1849.641,,105.48,70.74,1536.9137,79.0,107.2,116.0
2015-07-01 03:00:00,54.671884057971,2876.648,2378.113,1925.129,,107.92,76.27,1575.2562,78.8,106.1,117.4
2015-08-01 03:00:00,46.1425396825397,2798.697,2365.971,1846.621,,87.55,66.78,1384.7632,78.3,105.1,119.8
2015-09-01 03:00:00,46.2439393939394,2500.816,2212.049,1672.381,,110.5,66.22,1604.5151,78.3,104.5,122.6
2015-10-01 03:00:00,47.0115151515151,2982.512,2445.078,1888.953,,100.17,65.82,1367.4508,79.1,103.5,119.6
2015-11-01 02:00:00,43.0925396825397,2547.996,2170.263,1844.001,,82.37,63.58,1101.879,78.2,102.2,111.7
2015-12-01 02:00:00,36.6865217391304,2463.199,2292.573,1520.279,,125.31,60.39,1387.6257,75.6,100.2,103.2
2016-01-01 02:00:00,30.4292063492063,2515.7,2123.33,1629.177,15815.85,86.21,52.76,1224.7343,76.0,99.2,91.1
2016-02-01 02:00:00,31.2709523809524,2453.03,1936.566,1715.426,,92.11,48.72,1121.5909,76.5,99.0,98.4
2016-03-01 03:00:00,37.7146376811594,2529.206,2097.748,1770.338,,93.15,53.5,1389.5006,77.4,99.1,107.8
2016-04-01 03:00:00,41.2287301587302,2321.756,1854.489,1650.104,,85.91,66.8,1160.1115,77.3,99.2,100.3
2016-05-01 03:00:00,46.3089393939394,2612.378,2115.0,1744.087,,100.21,77.93,1398.7324,77.4,98.9,101.9
2016-06-01 03:00:00,48.3283333333333,2576.69,2149.622,1789.824,,88.96,74.11,1368.6061,77.3,98.4,106.6
2016-07-01 03:00:00,44.6465079365079,2841.267,2361.876,1929.252,,85.05,68.14,1224.82,76.6,98.2,100.7
2016-08-01 03:00:00,45.2576811594203,2960.97,2391.591,1902.541,,103.22,73.09,1548.7623,77.6,98.5,105.1
2016-09-01 03:00:00,45.4177272727273,2788.269,2296.826,1827.894,,107.93,79.25,1407.2101,77.4,98.0,103.2
2016-10-01 03:00:00,50.0085714285714,2966.38,2482.535,1953.035,,88.33,76.17,1201.6177,77.5,97.6,98.7
2016-11-01 02:00:00,45.4842424242424,2672.537,2320.969,1793.637,,93.8,79.46,1368.5255,77.0,96.7,101.2
2016-12-01 02:00:00,53.0707575757576,2404.204,2214.319,1415.476,,113.35,96.04,1508.4763,74.8,95.2,97.2
2017-01-01 02:00:00,53.9472727272727,2868.134,2293.366,1798.843,22390.58,89.39,106.31,1498.1181,75.8,94.5,84.3
2017-02-01 02:00:00,54.6136666666667,2611.526,2073.46,1722.313,,79.51,106.63,1325.5462,75.1,94.6,87.5
2017-03-01 03:00:00,51.0131884057971,2887.216,2375.179,1962.526,,108.02,118.15,1656.1936,76.7,95.0,104.9
2017-04-01 03:00:00,52.5688333333333,2927.012,2409.201,1905.871,,73.61,123.99,1246.631,76.2,95.2,90.0
2017-05-01 03:00:00,50.0227536231884,2952.183,2497.984,1836.383,,106.58,90.65,1657.007,77.8,95.8,103.5
2017-06-01 03:00:00,46.3981818181818,2673.045,2285.293,1820.008,,102.42,78.58,1514.9814,77.0,95.7,101.9
2017-07-01 03:00:00,47.875873015873,2852.292,2337.139,1872.955,,96.58,74.74,1451.5971,77.6,95.7,102.4
2017-08-01 03:00:00,50.0817391304348,2981.321,2461.266,1963.148,,106.07,78.0,1729.6384,78.5,96.0,110.1
2017-09-01 03:00:00,53.0720634920635,2986.492,2441.65,1881.495,,100.84,96.21,1608.5723,78.3,96.2,107.0
2017-10-01 03:00:00,54.9613636363636,3095.382,2494.033,2125.586,,105.98,107.22,1848.0378,79.1,96.3,110.5
2017-11-01 02:00:00,60.0537878787879,3075.159,2470.478,2009.385,,101.98,87.81,1788.3993,78.8,96.0,108.0
2017-12-01 02:00:00,61.1230158730159,2867.874,2432.557,1791.687,,104.5,91.38,1909.6395,75.6,94.9,100.7
2018-01-01 02:00:00,66.166231884058,2913.796,2375.799,1922.323,23652.36,93.23,97.01,1952.8103,76.4,94.7,89.1
2018-02-01 02:00:00,63.5181666666667,2765.939,2176.177,1861.356,,75.04,102.45,1454.8083,76.5,95.1,91.0
2018-03-01 03:00:00,64.5465151515152,3113.184,2448.406,2129.796,,90.61,107.75,1688.0576,78.0,95.3,103.9
2018-04-01 03:00:00,68.9712698412698,2994.53,2361.357,2038.392,,81.99,107.97,1670.8049,78.1,96.0,97.6
2018-05-01 03:00:00,73.6369565217391,2724.472,2246.431,2026.739,,104.78,93.72,1322.8512,76.4,96.4,86.6
2018-06-01 03:00:00,72.3301587301587,2969.824,2379.624,1918.374,,104.44,91.71,1970.5089,77.3,96.1,111.5
2018-07-01 03:00:00,73.0243939393939,3086.315,2483.175,1947.124,,112.71,97.82,1471.6178,78.1,96.0,106.7
2018-08-01 03:00:00,71.4578260869565,2914.206,2360.514,1906.043,,110.54,90.41,1340.9745,79.1,96.2,115.0
2018-09-01 03:00:00,75.4261666666667,3080.824,2535.17,2106.905,,98.99,99.8,1745.2641,78.2,96.3,107.6
2018-10-01 03:00:00,76.7663768115942,3223.519,2560.752,2128.201,,115.22,105.08,2229.5801,78.8,96.1,110.3
2018-11-01 03:00:00,62.3675757575758,2911.253,2350.187,2053.58,,102.98,103.37,1887.1003,78.1,95.7,107.4
2018-12-01 02:00:00,54.1787301587301,2708.686,2440.958,1656.851,,109.47,102.9,1772.3597,75.1,95.0,97.7
2019-01-01 02:00:00,56.7771014492753,3020.806,2451.106,1906.685,25823.9,106.99,96.79,2155.8176,76.0,94.9,88.7
2019-02-01 02:00:00,61.3093333333333,2746.747,2200.532,1865.086,,87.02,101.51,1361.7712,76.2,95.0,92.1
2019-03-01 03:00:00,64.0215873015873,2877.683,2355.977,2060.097,,70.0,118.15,1378.3958,77.1,95.3,97.0
2019-04-01 03:00:00,68.7619696969697,2970.006,2382.641,1941.502,,59.81,117.02,1636.5237,77.6,96.0,98.0
2019-05-01 03:00:00,66.5988405797102,2826.295,2295.396,2010.469,,87.51,126.55,1901.914,78.6,96.0,102.4
2019-06-01 03:00:00,59.5965,2882.544,2277.06,1801.014,,89.99,133.52,1759.3962,77.3,95.6,98.7
2019-07-01 03:00:00,61.5197101449275,2504.754,1879.477,1894.312,,103.33,141.21,1675.8204,78.1,95.5,104.5
2019-08-01 03:00:00,57.6509090909091,2536.573,1926.313,1895.443,,102.62,152.59,1709.3256,78.6,95.8,109.4
2019-09-01 03:00:00,60.0490476190476,2394.487,1906.233,1969.295,,96.96,122.77,1660.9023,78.5,95.8,108.4
2019-10-01 03:00:00,57.4852173913043,2690.47,2193.394,1886.739,,108.63,115.91,1864.2826,79.2,95.7,115.6
2019-11-01 03:00:00,60.1947619047619,2656.803,2179.277,1774.398,,86.32,119.95,1630.2507,79.1,95.3,108.3
2019-12-01 03:00:00,63.2230303030303,2461.766,2232.93,1482.443,,78.73,112.58,1467.7189,75.4,94.2,97.2
2020-01-01 03:00:00,61.5802898550725,2740.451,2184.244,2042.982,28861.3,79.08,125.47,1568.1193,76.6,94.5,91.5
2020-02-01 03:00:00,53.4491666666667,2772.437,2171.414,1898.458,,70.82,129.71,1328.9431,77.3,94.7,94.0
2020-03-01 03:00:00,32.2589393939394,2722.125,2095.206,1902.559,,64.29,121.03,1866.4404,75.8,94.3,98.1
2020-04-01 03:00:00,23.3387878787879,1929.293,1763.846,1278.48,,75.81,127.56,1470.23,66.5,92.5,70.3
2020-05-01 03:00:00,31.2688888888889,2255.698,1723.938,1432.067,,67.96,122.96,1596.2998,71.0,91.6,84.2
2020-06-01 03:00:00,39.7478787878788,2148.399,1687.461,1549.992,,89.91,121.57,1482.2533,72.5,91.4,96.1
2020-07-01 03:00:00,42.1815942028986,2626.427,2004.033,1656.616,,103.8,134.01,1494.768,76.5,91.0,108.9
2020-08-01 03:00:00,43.7898412698413,2759.058,2138.598,1846.36,,92.0,144.24,1520.5137,79.1,92.8,111.1
2020-09-01 03:00:00,40.9660606060606,2645.379,2003.657,1972.024,,110.92,157.27,1377.0751,80.3,94.2,119.9
2020-10-01 03:00:00,40.6087878787879,2853.744,2168.476,2176.778,,95.55,169.46,1546.1638,81.3,94.8,120.3
2020-11-01 03:00:00,42.9709523809524,3017.509,2347.576,1955.506,,88.78,168.89,1384.1408,80.6,94.9,114.2
2020-12-01 03:00:00,49.0247826086957,2944.336,2355.48,2095.458,,99.38,170.16,1748.3783,78.4,94.2,107.8
2021-01-01 03:00:00,53.9069841269841,3022.874,2431.003,2145.117,48711.3,87.29,179.99,1518.4853,79.1,94.6,96.9
2021-02-01 03:00:00,60.9491666666667,2867.058,2251.568,2064.048,,71.59,222.06,1712.3391,78.9,95.5,97.3
2021-03-01 03:00:00,64.0892753623188,2801.841,2179.484,2082.349,,88.69,233.21,2195.6311,80.8,96.0,110.7
2021-04-01 03:00:00,63.3593939393939,3037.1,2322.745,2225.375,,79.78,240.28,2040.5629,80.0,96.5,102.5
2021-05-01 03:00:00,66.6287301587302,3125.149,2415.616,2413.377,,79.57,243.8,1962.5562,80.6,97.1,108.1
2021-06-01 03:00:00,72.0645454545455,3068.51,2383.874,2229.776,,100.82,282.92,2128.9277,81.4,97.3,109.0
2021-07-01 03:00:00,73.0439393939394,3091.223,2470.382,2263.64,,93.63,288.52,2159.4459,82.6,97.6,110.1
2021-08-01 03:00:00,69.0639393939394,3203.383,2538.154,2303.741,,105.84,290.2,2287.9139,83.2,98.6,111.2
2021-09-01 03:00:00,73.0142424242424,3107.897,2483.77,2171.131,,102.3,223.8,2294.1804,82.7,99.0,110.9
2021-10-01 03:00:00,82.2222222222222,2968.449,2281.869,2160.9,,91.17,193.05,2254.902,82.6,98.8,106.9
2021-11-01 03:00:00,79.5478787878788,3133.901,2413.162,1938.687,,88.76,170.95,2429.8421,81.4,98.7,107.5
2021-12-01 03:00:00,73.1094202898551,2643.682,2338.453,1756.633,,101.18,146.82,2989.4646,77.8,97.8,103.9
2022-01-01 03:00:00,84.1169841269841,2937.003,2309.389,2016.547,32446.14,71.04,144.22,2388.5455,78.2,97.8,91.6
2022-02-01 03:00:00,92.4666666666667,2721.969,2105.566,1878.169,,60.48,172.34,2120.3699,79.6,98.0,94.3
2022-03-01 03:00:00,109.475652173913,3000.046,2282.074,2132.596,,86.56,184.49,2594.9206,81.6,97.9,110.7
2022-04-01 03:00:00,103.632063492063,2946.67,2335.645,2012.479,,75.66,185.76,2428.1867,80.6,98.0,99.5
2022-05-01 03:00:00,109.895909090909,2985.381,2269.757,1995.151,,77.66,194.72,2605.934,81.1,98.5,108.3
2022-06-01 03:00:00,114.742727272727,2933.027,2296.736,1936.794,,92.1,178.52,2950.1032,80.7,99.0,110.1
2022-07-01 03:00:00,102.496507936508,2845.561,2173.982,2147.631,,93.86,164.6,2563.3218,81.2,99.4,108.0
2022-08-01 03:00:00,95.676231884058,2889.893,2234.425,2110.927,,101.6,147.14,2469.0024,81.8,99.7,118.8
2022-09-01 03:00:00,88.250303030303,2786.556,2174.346,1860.389,,111.66,141.27,2290.5868,81.6,100.1,112.8
2022-10-01 03:00:00,90.74,2907.374,2293.918,2008.772,,80.51,130.69,2086.6122,81.2,100.2,112.3
2022-11-01 03:00:00,86.5380303030303,2636.321,2114.857,1910.813,,91.84,127.98,2206.0685,80.9,100.0,112.0
2022-12-01 03:00:00,78.3136363636364,2499.694,2222.621,1423.767,,99.34,121.37,2224.1438,77.2,98.9,106.4
2023-01-01 03:00:00,81.0793939393939,2728.997,2212.518,1837.123,35043.76,75.61,137.72,2190.6131,76.7,99.4,91.7
2023-02-01 03:00:00,80.645,2468.969,2015.438,1769.962,,74.4,152.78,1894.2103,77.4,99.3,94.1
2023-03-01 03:00:00,76.9585507246377,2722.24,2155.534,1874.099,,87.65,160.12,2586.218,79.1,98.6,110.9
2023-04-01 03:00:00,82.0236666666667,2768.181,2149.724,1921.124,,81.02,160.27,1917.548,78.3,99.1,94.4
2023-05-01 03:00:00,74.07,2789.967,2199.877,1895.671,,102.75,155.7,2374.7496,79.3,98.9,106.8
2023-06-01 03:00:00,73.3371212121212,2571.168,2049.716,1621.779,,111.92,136.63,2331.3117,78.0,99.0,109.0
2023-07-01 03:00:00,78.8404761904762,2737.343,2167.393,1925.452,,94.34,141.11,1977.4436,78.1,99.2,101.0
2023-08-01 03:00:00,84.2213043478261,2760.886,2123.295,1881.516,,111.16,144.09,2063.8147,79.7,99.2,114.4
2023-09-01 03:00:00,91.717619047619,2585.646,2156.705,1832.501,,114.29,146.57,1788.1245,79.6,99.4,108.9
2023-10-01 03:00:00,87.7348484848485,2645.469,2082.951,1823.862,,107.39,150.83,1998.4194,80.7,99.8,109.1
2023-11-01 03:00:00,80.8009090909091,2722.332,2210.101,1814.418,,98.5,150.98,1832.8349,79.1,99.8,107.4
2023-12-01 03:00:00,75.71,2528.977,2195.358,1653.117,,125.57,160.83,1976.5256,76.8,98.7,100.7
2024-01-01 03:00:00,77.5650724637681,2732.632,2120.827,2012.813,35053.6,94.84,170.9,1845.0678,76.4,99.5,92.0
2024-02-01 03:00:00,80.6561904761905,2775.033,2116.854,1872.171,,85.75,175.07,1588.1054,78.1,100.1,98.7
2024-03-01 03:00:00,84.3336507936508,2773.146,2235.06,1967.86,,83.38,167.19,1988.0881,78.8,100.4,106.8
2024-04-01 03:00:00,88.3971212121212,2711.574,2075.679,1942.408,,96.96,149.56,1905.9376,80.2,100.8,107.1
2024-05-01 03:00:00,82.5591304347826,2576.464,2089.617,1896.328,,100.46,141.26,1843.1954,78.9,101.0,104.5
2024-06-01 03:00:00,82.3141666666667,2850.48,2251.583,1884.487,,101.07,145.59,1838.6601,79.6,101.2,111.7
2024-07-01 03:00:00,83.7326086956522,3100.107,2375.872,2160.762,,118.96,140.05,2489.3688,79.6,101.5,117.8
2024-08-01 03:00:00,78.5969696969697,3005.301,2302.415,2100.89,,105.0,136.29,1886.8109,80.5,102.1,121.3
2024-09-01 03:00:00,72.4192063492063,2894.263,2221.29,2072.806,,114.72,129.36,2002.7862,81.5,102.6,117.2
2024-10-01 03:00:00,74.5002898550725,3070.396,2331.065,2127.079,,104.86,122.93,2231.2355,81.3,102.8,124.1
2024-11-01 03:00:00,72.5142857142857,2781.43,2158.243,1952.26,,112.31,134.28,1964.056,80.1,102.7,118.6
2024-12-01 03:00:00,72.4609090909091,2609.369,2229.691,1702.258,,100.7,137.53,2130.4408,75.3,101.6,106.1
2025-01-01 03:00:00,78.2144927536232,2769.952,2194.741,1953.364,34887.17,94.18,138.91,2292.5419,76.0,102.2,103.1
2025-02-01 03:00:00,74.352,2675.986,2053.654,1844.726,,77.62,133.05,1968.5426,77.6,103.0,106.4
2025-03-01 03:00:00,70.9861904761905,2881.835,2242.85,2042.231,,92.09,139.93,2107.5813,78.4,103.0,113.7
2025-04-01 03:00:00,66.3410606060605,2644.864,2078.591,2012.514,,98.05,135.67,2024.8088,77.8,102.9,107.9
2025-05-01 03:00:00,63.3001515151515,2705.611,2121.155,2015.341,,108.55,131.04,2236.6354,77.9,103.0,113.7
2025-06-01 03:00:00,69.2487301587301,2833.962,2239.382,1990.566,,103.64,130.64,2137.2503,79.1,103.0,111.5
2025-07-01 03:00:00,69.6624637681158,2802.571,2188.539,1988.054,,130.11,129.29,2456.3792,78.1,103.1,116.4
2025-08-01 03:00:00,67.1655555555555,2870.446,2220.661,1979.622,,116.74,129.9,2125.8776,79.9,103.6,112.6
2025-09-01 03:00:00,67.1684848484848,2814.361,2172.171,1971.489,,110.23,138.88,2081.2522,79.9,103.6,115.5
2025-10-01 03:00:00,63.1449275362318,3001.655,2320.727,2025.246,,126.35,144.29,2377.9946,80.9,103.4,114.2
2025-11-01 03:00:00,62.6975,2822.988,2215.508,2047.812,,98.03,150.66,2225.7575,78.2,102.9,108.6
2025-12-01 03:00:00,60.5598484848485,2584.7,2254.95,1513.24,,131.86,146.47,2652.8882,73.4,101.2,101.8
2026-01-01 03:00:00,62.4013636363636,2738.718,2177.636,1879.629,,91.38,148.78,2468.4674,75.0,102.0,93.1
2026-02-01 03:00:00,67.4511666666666,2523.001,1985.828,1839.753,,,,,,,
