date,exp_26_Alemanha_fob,exp_26_Argentina_fob,exp_26_Barein_fob,exp_26_China_fob,exp_26_Coreia do Sul_fob,exp_26_Egito_fob,exp_26_Espanha_fob,exp_26_Filipinas_fob,exp_26_França_fob,exp_26_Itália_fob,exp_26_Japão_fob,exp_26_Malásia_fob,exp_26_Omã_fob,exp_26_Países Baixos (Holanda)_fob,exp_26_Taiwan (Formosa)_fob
2010-01-01,54372209.0,42158480.0,15078412.0,465021065.0,72010272.0,,28875936.0,,36422787.0,17426000.0,134152461.0,27275711.0,123578.0,19846678.0,14244722.0
2010-02-01,140149746.0,32219612.0,23393426.0,517206474.0,25795605.0,29202211.0,34051673.0,1131751.0,26814330.0,22211362.0,155249174.0,17693853.0,,30502245.0,6798603.0
2010-03-01,83140413.0,70255529.0,6930788.0,669100330.0,23674990.0,14164686.0,62999586.0,13094941.0,77255061.0,65477427.0,181166446.0,49111532.0,,17166898.0,21328651.0
2010-04-01,195349808.0,50633271.0,19079131.0,588747918.0,71241520.0,,22138880.0,4768246.0,24778634.0,50366441.0,180076235.0,24813927.0,,68632276.0,39904319.0
2010-05-01,153489004.0,75650095.0,34917040.0,986283703.0,72183357.0,45826598.0,53811518.0,,122247693.0,98643665.0,143804975.0,46612083.0,,53316208.0,17272807.0
2010-06-01,247028978.0,85790726.0,34321037.0,913324344.0,98160024.0,53412628.0,21137522.0,27630126.0,44926080.0,48331229.0,308414726.0,,123578.0,100537212.0,58260471.0
2010-07-01,288160739.0,72041428.0,53289451.0,1106026938.0,100072719.0,52560980.0,59620975.0,47160100.0,61924433.0,133579565.0,300910787.0,58715251.0,,65825194.0,54501591.0
2010-08-01,313901018.0,125321509.0,80208242.0,1726888062.0,169204564.0,61367425.0,54516491.0,52999324.0,62545380.0,83329199.0,446014122.0,,576696.0,45108884.0,75927349.0
2010-09-01,189753461.0,89615533.0,50342952.0,1742412504.0,190692710.0,31799566.0,62964299.0,22380955.0,49132242.0,33745034.0,376622377.0,32760080.0,,34642964.0,37801814.0
2010-10-01,187816066.0,99125865.0,60297006.0,1572979378.0,178106313.0,26707082.0,58799909.0,30980144.0,68316582.0,102684245.0,453461523.0,33207338.0,,44097209.0,116989071.0
2010-11-01,149653275.0,73899436.0,4096136.0,1460887514.0,138929312.0,27562176.0,89803430.0,,19778636.0,39016006.0,301447352.0,4327495.0,4935888.0,61491830.0,37962999.0
2010-12-01,250349753.0,74838407.0,33060204.0,1843213707.0,179336831.0,57950283.0,8149418.0,7599900.0,118070939.0,148979667.0,312310292.0,54660702.0,7258201.0,103605416.0,47595368.0
2011-01-01,85054702.0,66297847.0,40382179.0,1196245847.0,185083565.0,54821293.0,81936862.0,,75242887.0,53514064.0,327718641.0,735552.0,590427.0,67250336.0,66358490.0
2011-02-01,183042038.0,97347590.0,23948071.0,1276669338.0,151419958.0,29769362.0,45872101.0,24214842.0,71520990.0,104257543.0,319102461.0,30781355.0,808596.0,35709407.0,36719831.0
2011-03-01,214892089.0,128241742.0,75374790.0,1326177977.0,110026786.0,11778013.0,24768994.0,4133131.0,69669564.0,201495655.0,321245557.0,64277619.0,1082757.0,139532002.0,62117041.0
2011-04-01,146913007.0,107715114.0,33962318.0,1560285776.0,58233643.0,26754420.0,117149306.0,67492663.0,29682202.0,66330696.0,332175084.0,2072652.0,902902.0,228027377.0,83394665.0
2011-05-01,150186369.0,146197379.0,41866986.0,1617580061.0,81888247.0,90954070.0,61574832.0,4338168.0,124761358.0,153649400.0,305783499.0,36632207.0,,275021706.0,66657421.0
2011-06-01,138073001.0,126194799.0,15809515.0,1779684310.0,235291151.0,16048570.0,41142684.0,52109774.0,85319276.0,226300287.0,233437459.0,884542.0,65657948.0,241340527.0,45517901.0
2011-07-01,180851755.0,122016677.0,60081787.0,1805889463.0,154352376.0,33898285.0,79551012.0,30035145.0,78371721.0,106094043.0,348849166.0,107968099.0,93740356.0,157597070.0,68120286.0
2011-08-01,187825467.0,117404563.0,113080675.0,2143182607.0,175038553.0,78761873.0,94914127.0,38884766.0,104943743.0,150995265.0,380389733.0,77263061.0,137498317.0,287267451.0,78917968.0
2011-09-01,94153694.0,183771415.0,71412182.0,2048929302.0,207525302.0,64889003.0,33673911.0,39067657.0,115868949.0,161424536.0,473317215.0,316053.0,69529014.0,136416376.0,58651688.0
2011-10-01,188451754.0,126610495.0,62092189.0,1673445316.0,326635190.0,31369116.0,22630763.0,,57467386.0,104003646.0,508101186.0,74921506.0,70686127.0,151982560.0,101612816.0
2011-11-01,164705457.0,98847089.0,38225487.0,1811044335.0,195861790.0,22508370.0,34142894.0,73197902.0,86825583.0,185821021.0,360844450.0,29896346.0,154257944.0,184975237.0,64659277.0
2011-12-01,220888452.0,79174691.0,51199826.0,1931460476.0,155953742.0,52429548.0,92563398.0,31131502.0,81351801.0,119086411.0,496420842.0,26388522.0,,131603836.0,41641191.0
2012-01-01,32358302.0,36172585.0,42132985.0,926380669.0,126812665.0,27080139.0,36103242.0,63000900.0,28046859.0,45564400.0,202678316.0,29201512.0,,47931509.0,46552576.0
2012-02-01,145304172.0,59560979.0,8157732.0,1057121858.0,99506275.0,133537.0,68221789.0,,63364111.0,174642677.0,150164850.0,1539814.0,88722540.0,66246091.0,50416429.0
2012-03-01,190209696.0,111541062.0,39078313.0,1312316872.0,109606110.0,51193582.0,60338550.0,101953169.0,47163360.0,10468242.0,251023107.0,59747435.0,60787082.0,126960169.0,92700458.0
2012-04-01,65860069.0,83998735.0,25104179.0,1039402943.0,179432528.0,48515344.0,43770062.0,20283120.0,49697655.0,145775827.0,294674784.0,25241398.0,51802649.0,139329895.0,21196441.0
2012-05-01,127441421.0,92447448.0,39698783.0,1340704814.0,143973274.0,28798321.0,75608286.0,22727121.0,60048092.0,90085718.0,247714522.0,25236954.0,71680409.0,137999545.0,37584024.0
2012-06-01,92831676.0,91629483.0,19949517.0,1252551098.0,90633906.0,51806301.0,40403183.0,75772322.0,42015606.0,98464726.0,263805568.0,79112896.0,139942673.0,188461457.0,89450536.0
2012-07-01,66196243.0,83795273.0,33499766.0,1305873939.0,218382877.0,22966900.0,91248801.0,39241468.0,71998029.0,159908472.0,308746088.0,58256560.0,130802888.0,103162055.0,13473400.0
2012-08-01,102400884.0,83244332.0,33338760.0,1319866773.0,103467923.0,53108019.0,31515930.0,22771056.0,99891693.0,110595152.0,239423566.0,25073253.0,60586991.0,137295967.0,92192334.0
2012-09-01,95603011.0,31975544.0,20297704.0,1234353685.0,155370463.0,22734659.0,,69411830.0,105696026.0,76904473.0,293307587.0,45957653.0,103951583.0,58819546.0,24310828.0
2012-10-01,135197298.0,57917197.0,21874901.0,1381649279.0,133993145.0,16805985.0,58526749.0,49882725.0,72766566.0,64976450.0,200325321.0,45829937.0,89757974.0,149888550.0,10005075.0
2012-11-01,174325533.0,62482740.0,15444356.0,1567894326.0,146270428.0,42872302.0,7545623.0,52446600.0,97400539.0,51090269.0,116250569.0,55882250.0,46885800.0,78678333.0,34650174.0
2012-12-01,51533972.0,28998356.0,9200474.0,1475599855.0,145319771.0,54883552.0,22810694.0,75928455.0,83607387.0,49278275.0,411417897.0,62805506.0,51652335.0,127125719.0,46167309.0
2013-01-01,142614689.0,75196318.0,9990710.0,1193987279.0,57657202.0,41192342.0,21925246.0,,83477421.0,45862901.0,197722633.0,45190282.0,80245484.0,103937023.0,71248412.0
2013-02-01,52057416.0,46799865.0,32316064.0,1008259712.0,183731801.0,,33894065.0,22659222.0,65652089.0,58127743.0,213638035.0,1058369.0,119750201.0,126043571.0,33396318.0
2013-03-01,136666536.0,88178667.0,18911028.0,1263265006.0,115537273.0,45641989.0,30131533.0,23647470.0,84691739.0,107475778.0,28210971.0,58906551.0,106586445.0,132787845.0,95205240.0
2013-04-01,168686610.0,107917115.0,,970080899.0,75993428.0,20480000.0,15020166.0,64541063.0,146271496.0,33257478.0,497432185.0,30472417.0,64732395.0,181589608.0,47006772.0
2013-05-01,157987582.0,111771475.0,18902856.0,1390307728.0,171350592.0,25737609.0,36179371.0,109006459.0,92371506.0,81439444.0,296320480.0,57210721.0,74660670.0,119411137.0,82814504.0
2013-06-01,115731242.0,94016165.0,33394840.0,1317358014.0,200200237.0,45242304.0,20601408.0,52541390.0,71367663.0,143022517.0,138929176.0,26387048.0,33294415.0,174924270.0,59278619.0
2013-07-01,137716302.0,100413854.0,13836928.0,1313703476.0,122085562.0,20481920.0,42711094.0,142932209.0,73740124.0,9910064.0,364193385.0,24225094.0,66716074.0,132657267.0,64911802.0
2013-08-01,108091208.0,82268336.0,,1391441824.0,123760658.0,38597219.0,70573524.0,44764969.0,116848204.0,61118478.0,239999246.0,,60235860.0,190841113.0,16894196.0
2013-09-01,84599496.0,79747674.0,30152352.0,1424764771.0,153590590.0,21539975.0,31780438.0,88828156.0,94215520.0,73811589.0,244254894.0,,103682238.0,91712531.0,77831420.0
2013-10-01,180171943.0,96208866.0,,1817682251.0,133430138.0,42738063.0,37552433.0,30391455.0,77379643.0,90603352.0,184927921.0,27448189.0,110384955.0,202511142.0,74386953.0
2013-11-01,139978784.0,34860453.0,15879108.0,1590129569.0,106862786.0,54603854.0,28657692.0,29610900.0,71047496.0,67836314.0,356321894.0,1399372.0,35310420.0,158401611.0,59303589.0
2013-12-01,299331197.0,49985462.0,,1713112736.0,189755742.0,44716895.0,22138252.0,18983212.0,120913114.0,53791464.0,353562777.0,28151492.0,71278623.0,158581890.0,55284989.0
2014-01-01,,59504142.0,32231882.0,1354982012.0,134916571.0,21381376.0,57123102.0,36762836.0,23821554.0,95776116.0,240860643.0,27813020.0,36907596.0,124462136.0,70497801.0
2014-02-01,120323374.0,42716498.0,15963645.0,1133987140.0,86369249.0,,10485782.0,52443892.0,41657116.0,92592364.0,220468981.0,60815953.0,59204873.0,107516174.0,12663264.0
2014-03-01,100872696.0,38419097.0,33140709.0,1128872764.0,163226721.0,50851133.0,37384946.0,50365612.0,78045391.0,30632329.0,179742422.0,63762592.0,68704621.0,137229314.0,75654009.0
2014-04-01,65996042.0,99208427.0,23566043.0,1021511797.0,87967652.0,51720202.0,35640479.0,80368355.0,44856563.0,60712064.0,232397406.0,29474171.0,28694992.0,114855532.0,34013931.0
2014-05-01,163710738.0,160848111.0,26732958.0,1202372914.0,165375310.0,,37792820.0,18326992.0,67229876.0,66807712.0,221670450.0,76737395.0,59775490.0,123888315.0,33202146.0
2014-06-01,78104273.0,156852644.0,13730623.0,1146482687.0,100489005.0,21742610.0,47501040.0,56057866.0,90917388.0,57617089.0,268476088.0,28190084.0,87061895.0,76549417.0,43590786.0
2014-07-01,102715262.0,108101030.0,25878348.0,1024774538.0,103440847.0,28095492.0,21893258.0,30852874.0,45448239.0,35180145.0,188216697.0,91989570.0,50426825.0,98040977.0,47986698.0
2014-08-01,177144275.0,71015346.0,10479813.0,935830521.0,73709406.0,,28378516.0,36511076.0,40423421.0,40957771.0,207512578.0,47823219.0,70984109.0,79430410.0,30178254.0
2014-09-01,85114259.0,81671481.0,20575864.0,1053886120.0,168947902.0,23526366.0,55677549.0,33092592.0,47555581.0,73149757.0,196373899.0,69623575.0,88651994.0,52961490.0,44846624.0
2014-10-01,120436145.0,78910682.0,19045679.0,845819665.0,95104269.0,23106033.0,40376990.0,,55445854.0,9107101.0,165337708.0,42041808.0,87500599.0,98952609.0,46165724.0
2014-11-01,96026978.0,58117285.0,8326736.0,785921379.0,48602378.0,23980058.0,17202069.0,18683112.0,58869725.0,36861888.0,153013498.0,941863.0,20720089.0,49878132.0,23675349.0
2014-12-01,79034687.0,55140643.0,15745700.0,1074773973.0,135247273.0,26909032.0,20230175.0,43450838.0,60634483.0,31541339.0,197851915.0,21836075.0,33927446.0,57692679.0,70158277.0
2015-01-01,110055755.0,44722046.0,13678020.0,511105916.0,48458875.0,28909359.0,27161920.0,18779719.0,17527521.0,28936837.0,135386145.0,85339684.0,16001962.0,36066384.0,48477414.0
2015-02-01,70962832.0,45148991.0,20355336.0,537790035.0,43147595.0,,31035707.0,7244462.0,30970488.0,14244150.0,128180627.0,85648239.0,46976033.0,88940737.0,31772765.0
2015-03-01,65822891.0,37522834.0,27626477.0,610858783.0,74283881.0,11779447.0,44014334.0,44053102.0,45814868.0,30844237.0,112272972.0,95916462.0,45655433.0,57828964.0,43402934.0
2015-04-01,86897226.0,37449067.0,14799950.0,558388419.0,41844747.0,,8134296.0,26135712.0,10203191.0,3307138.0,78553531.0,58771007.0,47580232.0,121093457.0,35246679.0
2015-05-01,57542799.0,26725907.0,11538084.0,399074003.0,17710922.0,10444903.0,29745460.0,20822879.0,31911153.0,10826143.0,70293563.0,59674641.0,41263232.0,43504012.0,34056148.0
2015-06-01,82267121.0,17994542.0,23304271.0,552789211.0,82980671.0,17426750.0,36983387.0,16134218.0,25860942.0,24013410.0,108483599.0,61846583.0,23228689.0,86003166.0,55382388.0
2015-07-01,70373317.0,26499269.0,31466228.0,671351025.0,35620075.0,,9992720.0,77669889.0,41180219.0,19974331.0,91281595.0,55711087.0,59850889.0,113666023.0,29961924.0
2015-08-01,16918284.0,32889969.0,16451871.0,494084864.0,44837029.0,13236788.0,6454953.0,47568602.0,22881125.0,20907872.0,66787711.0,59258722.0,21188230.0,50346066.0,8354361.0
2015-09-01,23147211.0,33857384.0,20825714.0,691765767.0,73564590.0,8470400.0,6857649.0,62723989.0,16491364.0,19242721.0,126080870.0,41660816.0,20743702.0,36436599.0,27359851.0
2015-10-01,41710832.0,16656098.0,15317697.0,587033522.0,70081485.0,,13499955.0,60735531.0,22967738.0,16132411.0,89709317.0,91418119.0,29696755.0,76425347.0,31995050.0
2015-11-01,51998378.0,15213677.0,,565038636.0,8863085.0,,20257807.0,59650936.0,22999118.0,26209119.0,71199355.0,59535982.0,5274079.0,44465789.0,29984121.0
2015-12-01,54493831.0,62251970.0,,656803149.0,71772935.0,7485693.0,50803167.0,65050702.0,20288976.0,15263091.0,134561594.0,31095856.0,18797015.0,68433656.0,40137770.0
2016-01-01,28379437.0,24060783.0,,333530969.0,20177543.0,24241277.0,19761144.0,,18386847.0,19068381.0,82966059.0,46521952.0,7515857.0,40674019.0,3305548.0
2016-02-01,34456179.0,14234998.0,9101458.0,407571169.0,15235214.0,,21339599.0,7625465.0,7700730.0,15472894.0,57169746.0,62640067.0,5221638.0,57326902.0,29692298.0
2016-03-01,52679556.0,17747782.0,15698121.0,407437491.0,48577249.0,,27836100.0,10752888.0,12179224.0,9825518.0,70543711.0,61918428.0,21221500.0,48664366.0,15358130.0
2016-04-01,53241042.0,20858132.0,,504811917.0,22240785.0,15602922.0,11172360.0,7254241.0,21784398.0,36355055.0,92783908.0,69196930.0,12625068.0,62304034.0,33054785.0
2016-05-01,73007765.0,25073193.0,7581662.0,776082257.0,48032790.0,,13350440.0,22470561.0,25277162.0,23916084.0,93353440.0,92418789.0,48940842.0,99290749.0,18633729.0
2016-06-01,5431703.0,19353030.0,7275996.0,654537351.0,71760453.0,10342618.0,29267760.0,27313744.0,27756190.0,25255074.0,113309288.0,30434460.0,20473804.0,58935008.0,25087137.0
2016-07-01,73897521.0,11265683.0,4396894.0,514718897.0,38782532.0,8888098.0,15967713.0,16004570.0,13303833.0,25371322.0,70386399.0,67090708.0,26123438.0,57929208.0,38179031.0
2016-08-01,46165575.0,25009230.0,21067239.0,729164674.0,54306578.0,11691332.0,5991794.0,15469634.0,33216945.0,25182185.0,112321272.0,65515010.0,34625815.0,70218605.0,16885094.0
2016-09-01,42392839.0,13684255.0,24296602.0,905157837.0,60749041.0,28901629.0,32319470.0,34662956.0,25271702.0,23496454.0,114602194.0,15956073.0,31997686.0,56664995.0,35598616.0
2016-10-01,51793969.0,24007857.0,19942642.0,641278893.0,35069428.0,24850794.0,2445054.0,9652742.0,17993859.0,18653987.0,80452058.0,81178113.0,19427898.0,76773425.0,5229660.0
2016-11-01,44679223.0,23472396.0,21624473.0,786001977.0,41121729.0,9755195.0,13549684.0,12984568.0,35932544.0,26131050.0,97780565.0,41400791.0,19928135.0,88737840.0,44388955.0
2016-12-01,53122654.0,23923739.0,28486916.0,1080332756.0,64390528.0,47163853.0,30011024.0,51003284.0,55184125.0,24454198.0,115367356.0,91590166.0,37196767.0,99747343.0,67211981.0
2017-01-01,61466821.0,27447945.0,18476657.0,914115174.0,39259805.0,22138666.0,48730569.0,14071333.0,48751010.0,16552588.0,144343999.0,103143554.0,47640078.0,86584702.0,18621239.0
2017-02-01,67378531.0,36053098.0,20018411.0,795635404.0,69808840.0,8114040.0,21384798.0,49141112.0,32539871.0,31241997.0,63605036.0,154332808.0,63885684.0,62497222.0,24079723.0
2017-03-01,52037792.0,30259097.0,45324003.0,1314034863.0,47016425.0,22356038.0,47356975.0,41440863.0,35169609.0,37737452.0,251727235.0,152998835.0,18673241.0,147413795.0,52909258.0
2017-04-01,55012207.0,24267169.0,8530303.0,864866974.0,25088597.0,,31064676.0,,40044560.0,41714665.0,118058493.0,132359281.0,72244538.0,117343818.0,20723976.0
2017-05-01,97206790.0,30830341.0,21164608.0,987889034.0,111708744.0,18888968.0,9481589.0,6652556.0,53667286.0,21293752.0,127783033.0,84061392.0,39653155.0,101026084.0,35775493.0
2017-06-01,21069441.0,32544871.0,16047992.0,837086510.0,65428473.0,16061854.0,25935998.0,50725057.0,31243091.0,25450345.0,60892426.0,46221602.0,25443563.0,51343846.0,22129554.0
2017-07-01,12981662.0,13822741.0,9404835.0,719377262.0,36582412.0,24493118.0,15982396.0,8984066.0,25740305.0,14215567.0,84133400.0,84150520.0,32754956.0,82792017.0,91984486.0
2017-08-01,47771309.0,30453001.0,16063873.0,788298997.0,60245623.0,24226302.0,32891615.0,8933469.0,32002032.0,18408587.0,70775365.0,74413816.0,19696821.0,55695333.0,62446344.0
2017-09-01,120271927.0,27049447.0,29581464.0,836978895.0,79830989.0,37062271.0,44211055.0,24360083.0,28593490.0,28890009.0,162385176.0,90963772.0,47435686.0,43418781.0,16672591.0
2017-10-01,69729218.0,33072673.0,21800302.0,1149345619.0,65388280.0,30263301.0,40696366.0,14711518.0,56817507.0,22238562.0,120507941.0,154062797.0,51607786.0,112521578.0,37647292.0
2017-11-01,49575220.0,38998455.0,8172064.0,841144099.0,88599912.0,50989331.0,39415953.0,36530900.0,23034172.0,34971381.0,103143322.0,63889231.0,35604840.0,89561181.0,4797540.0
2017-12-01,38575140.0,24849243.0,17751784.0,883158205.0,115921771.0,,15825783.0,12278964.0,15288555.0,33649654.0,126950787.0,68732369.0,29372325.0,76460099.0,33413783.0
2018-01-01,35520782.0,37135202.0,20096715.0,942832579.0,24326248.0,37477643.0,11444687.0,50588388.0,29464566.0,34817617.0,63843081.0,21054724.0,62073360.0,85761780.0,60228233.0
2018-02-01,58059206.0,26224596.0,18098312.0,682796991.0,33640431.0,28928876.0,44830676.0,,22794830.0,,52114062.0,100960994.0,19512807.0,96445670.0,18027076.0
2018-03-01,69505146.0,44548870.0,42445640.0,976610551.0,41959457.0,41609809.0,39465877.0,12919050.0,39256337.0,34630878.0,100625527.0,66905181.0,21522816.0,78517149.0,18427092.0
2018-04-01,65293216.0,44176599.0,29536418.0,777178828.0,79541101.0,45461913.0,15728770.0,46589880.0,29981251.0,28734366.0,151263228.0,45324753.0,62317148.0,52917575.0,7638050.0
2018-05-01,62889697.0,30589053.0,9620424.0,907672193.0,105600044.0,46819698.0,35215046.0,27639312.0,50765982.0,25136348.0,70367371.0,39579109.0,32906517.0,124440479.0,32443584.0
2018-06-01,10973314.0,25472832.0,40430327.0,994587625.0,56232388.0,13625054.0,68645484.0,49036384.0,12867598.0,33609899.0,102151379.0,108080407.0,34314400.0,105093557.0,6259170.0
2018-07-01,96218071.0,33003508.0,8799088.0,1055554778.0,99365793.0,18431678.0,28814405.0,40752986.0,57071750.0,18457483.0,116650152.0,93444250.0,55544721.0,90872435.0,35424411.0
2018-08-01,27288164.0,35627354.0,25593857.0,1033279121.0,74064570.0,60773893.0,68554675.0,50703958.0,30126027.0,29276400.0,116855511.0,50342163.0,16484557.0,66930368.0,21689600.0
2018-09-01,74513601.0,36238150.0,34647638.0,1005004450.0,75335771.0,23562906.0,,29433354.0,34015442.0,27403308.0,84829380.0,128526840.0,53786196.0,43266812.0,5790043.0
2018-10-01,41392448.0,57519097.0,49766483.0,1091077230.0,58476335.0,33376275.0,44744900.0,23564872.0,40383964.0,33510799.0,109208635.0,176592890.0,41854894.0,125033307.0,58913215.0
2018-11-01,63461730.0,45260212.0,19193702.0,1027105905.0,72395976.0,41235295.0,22899272.0,24288448.0,37626993.0,26548367.0,82673249.0,116076412.0,52025639.0,79228197.0,35475529.0
2018-12-01,27921645.0,42785412.0,43752363.0,1048127356.0,55034012.0,52475508.0,88367147.0,,50486409.0,41527291.0,127618279.0,157716481.0,40011792.0,40889248.0,64153556.0
2019-01-01,143633599.0,44574581.0,9903506.0,927709687.0,44850334.0,12268080.0,34890411.0,10599652.0,36993702.0,11493114.0,114935130.0,121406861.0,69533129.0,82651775.0,8212897.0
2019-02-01,29121157.0,15728661.0,56407370.0,936676646.0,58636350.0,46975965.0,25243490.0,17136552.0,27274412.0,17734496.0,69465396.0,117695084.0,66051129.0,38396328.0,53464742.0
2019-03-01,40611457.0,27208864.0,103564850.0,784246045.0,72533778.0,32194735.0,34193316.0,,18761291.0,42826.0,66365222.0,132871118.0,22070653.0,36268490.0,24306248.0
2019-04-01,77433582.0,28936894.0,58389144.0,449236598.0,458961.0,9585408.0,60439598.0,17484375.0,10650849.0,20342280.0,66400375.0,166911185.0,47048480.0,79712594.0,10333065.0
2019-05-01,4605827.0,32497689.0,61326114.0,1052162224.0,96659146.0,31884681.0,39176409.0,11474452.0,45828889.0,45155662.0,39216537.0,147025603.0,103138778.0,138773346.0,71127640.0
2019-06-01,83232056.0,18249083.0,73079467.0,1180803087.0,73810227.0,22382472.0,26180617.0,24139673.0,43188024.0,27130688.0,119582079.0,281896353.0,56588998.0,73525002.0,36192035.0
2019-07-01,90498462.0,31674655.0,51647413.0,1832418556.0,45850929.0,34187482.0,14024364.0,25484237.0,32078185.0,42750.0,114475524.0,183678266.0,59033196.0,60532564.0,12437244.0
2019-08-01,56530329.0,21104814.0,30001748.0,2031723904.0,80016047.0,18987425.0,58514672.0,20967720.0,37587509.0,7228211.0,135084633.0,156582482.0,53296956.0,90298225.0,
2019-09-01,7368712.0,21829484.0,43378950.0,1547936377.0,43547854.0,,23213781.0,31759168.0,24496497.0,16390541.0,81148506.0,110314190.0,24623265.0,57933338.0,27795740.0
2019-10-01,30978946.0,11834192.0,50051445.0,1391752284.0,143847169.0,,15778824.0,13703154.0,31734343.0,23011990.0,105848707.0,174992736.0,88386485.0,93880011.0,38903065.0
2019-11-01,47301494.0,7872244.0,25142340.0,1193297942.0,14410384.0,,41239689.0,18788782.0,10168896.0,10830324.0,96729102.0,203523942.0,49733763.0,93673129.0,
2019-12-01,33165213.0,1825665.0,37504789.0,1070278684.0,56469514.0,27638383.0,9199194.0,5784731.0,24175945.0,4316677.0,91011808.0,48579511.0,22444549.0,66842726.0,57030911.0
2020-01-01,86877142.0,17849451.0,50629943.0,1165185090.0,34304412.0,15742136.0,14680563.0,16734057.0,18961910.0,9391437.0,81724525.0,159233796.0,726011.0,78630258.0,5212032.0
2020-02-01,60350021.0,28831955.0,23912575.0,917865080.0,39223003.0,387888.0,39077367.0,34877339.0,47467001.0,16863350.0,50114739.0,141495596.0,80964290.0,76024992.0,40018706.0
2020-03-01,10245407.0,20967941.0,71012558.0,928211917.0,74544201.0,43960120.0,15441555.0,33320296.0,15906751.0,15528862.0,88041349.0,46617365.0,991295.0,60185942.0,
2020-04-01,45908846.0,4622094.0,41217788.0,1108392216.0,86888521.0,16006385.0,49662050.0,45548001.0,7656475.0,20659.0,97326658.0,104254334.0,53052606.0,55020522.0,14835612.0
2020-05-01,48339829.0,1399335.0,27644915.0,981088595.0,13052448.0,27976883.0,38548431.0,17936257.0,123148.0,13590844.0,38727836.0,149978441.0,73729537.0,23215870.0,42532181.0
2020-06-01,52463787.0,1934015.0,27710499.0,1497601097.0,29481643.0,,5125571.0,,7898693.0,,39397823.0,191652935.0,49848889.0,35349479.0,14188820.0
2020-07-01,45227650.0,7899396.0,42712759.0,1688855213.0,76526495.0,28821140.0,68711370.0,13160701.0,27757537.0,16204258.0,99092587.0,198812964.0,87869523.0,23652299.0,
2020-08-01,83018287.0,13155010.0,58689107.0,1923358089.0,15.0,135808.0,51585612.0,15395629.0,6347493.0,13167574.0,79138132.0,88724396.0,62437301.0,21579171.0,
2020-09-01,51790637.0,21919994.0,32290693.0,2711312239.0,35390787.0,,28426770.0,32221116.0,20179020.0,8850725.0,72526006.0,44922158.0,31179687.0,46111561.0,29518121.0
2020-10-01,99334659.0,19217440.0,33486147.0,2123229250.0,117569013.0,17692767.0,50279588.0,38976447.0,9421004.0,23506079.0,96303809.0,185052545.0,55609850.0,25826137.0,5457972.0
2020-11-01,140290624.0,19553008.0,67862939.0,1945016417.0,8608026.0,19163661.0,45422489.0,27666884.0,13332148.0,6745743.0,55552207.0,175911932.0,71583048.0,83250043.0,
2020-12-01,75624961.0,25746304.0,63094765.0,2245121774.0,35885510.0,,32473769.0,76388934.0,32466719.0,30024887.0,111763801.0,254322040.0,15854247.0,52967394.0,31218322.0
2021-01-01,95876230.0,49695624.0,103227897.0,1953090993.0,52940062.0,20602652.0,87621524.0,6146441.0,24519200.0,12319826.0,95790200.0,276533280.0,74360092.0,38519813.0,236177.0
2021-02-01,89956038.0,52849627.0,160472012.0,1792167385.0,99819524.0,94312.0,56981160.0,165548316.0,51392707.0,45450359.0,69677664.0,157215961.0,93157014.0,55186107.0,723572.0
2021-03-01,194261546.0,68034112.0,115316458.0,2167627167.0,74856602.0,63476765.0,35753536.0,21258545.0,32297805.0,26191078.0,89165460.0,386114017.0,94332732.0,184743016.0,755130.0
2021-04-01,78840860.0,45391517.0,200122438.0,2074911359.0,42502119.0,,67675873.0,28707286.0,125890359.0,49823989.0,189659864.0,268700130.0,114710216.0,24441031.0,35989970.0
2021-05-01,25535210.0,48994783.0,172587714.0,2146327633.0,181267953.0,42440.0,68698303.0,75290851.0,61198115.0,17785864.0,156119421.0,257613664.0,133634113.0,104793030.0,962582.0
2021-06-01,131041305.0,38173844.0,111650162.0,3619316074.0,48100028.0,43587519.0,42646682.0,63994515.0,62530907.0,91808690.0,164111848.0,258515036.0,217309839.0,146996456.0,2129892.0
2021-07-01,35809582.0,54863510.0,182125349.0,3395805661.0,81953198.0,51876090.0,48429198.0,42585051.0,49804195.0,,323563898.0,319040809.0,128221305.0,107661565.0,40941342.0
2021-08-01,165194779.0,110908115.0,274548655.0,3767385153.0,166895511.0,43059888.0,75539310.0,88997843.0,47330693.0,52691478.0,256833017.0,318569954.0,158203448.0,133330026.0,16303431.0
2021-09-01,70631345.0,48065477.0,118211806.0,3017647910.0,137291546.0,32451167.0,39506756.0,75915270.0,20958200.0,78268661.0,135696307.0,126011940.0,80536311.0,64901571.0,39676842.0
2021-10-01,97792307.0,39976664.0,174447485.0,2131746574.0,81345273.0,63658962.0,56837501.0,65968574.0,15440957.0,26582710.0,87521855.0,241497742.0,50973203.0,92123541.0,232149.0
2021-11-01,46437233.0,55930172.0,50675955.0,1871608379.0,78554141.0,26682385.0,35054110.0,43771319.0,40024756.0,84397.0,165116228.0,207145099.0,106387384.0,33575677.0,1545170.0
2021-12-01,125307586.0,48045915.0,130195811.0,1627524612.0,110664001.0,23627818.0,29004470.0,105172506.0,10890949.0,11486883.0,112370357.0,112899109.0,46929962.0,21809439.0,439151.0
2022-01-01,44951831.0,22902520.0,88274149.0,1118439264.0,58884093.0,38339090.0,15177505.0,23389001.0,33427911.0,34920711.0,165829634.0,127361238.0,50263711.0,81220685.0,2020352.0
2022-02-01,109280092.0,43343129.0,79747531.0,1176110174.0,35938315.0,33479431.0,27270945.0,60417749.0,16959582.0,26243140.0,96794557.0,91966013.0,27990320.0,51814929.0,1358028.0
2022-03-01,103800824.0,46021735.0,159870694.0,1677318960.0,16190319.0,31802673.0,51708234.0,57970309.0,31927387.0,47390334.0,30206588.0,196198637.0,113943770.0,104578270.0,1127530.0
2022-04-01,30467798.0,45594080.0,74440383.0,1489250288.0,99763506.0,35537823.0,6245541.0,23902836.0,30435291.0,48000542.0,164115819.0,143638116.0,73818273.0,92798246.0,46090255.0
2022-05-01,25853234.0,60488271.0,162496700.0,1573202992.0,143784599.0,33357299.0,23330507.0,50208233.0,42185927.0,22084643.0,132797736.0,98249341.0,78529246.0,72411548.0,2026169.0
2022-06-01,55984535.0,53793083.0,134420578.0,2069556499.0,124752266.0,33357718.0,26421739.0,61815267.0,58710299.0,17963993.0,117234840.0,144057620.0,100471860.0,30757703.0,1465262.0
2022-07-01,55055139.0,55145913.0,101991141.0,1883640113.0,42063378.0,22600779.0,11409331.0,9292566.0,19718900.0,46483403.0,111807530.0,194582594.0,61811062.0,46384704.0,312372.0
2022-08-01,89404728.0,22738667.0,184328852.0,1806996970.0,97198228.0,31533251.0,45777806.0,21627168.0,43158234.0,18072234.0,100553297.0,112607055.0,86960598.0,39777812.0,1788225.0
2022-09-01,68976230.0,50319514.0,77822750.0,1899046789.0,101307047.0,361348.0,6180973.0,54535580.0,6061798.0,,70145638.0,223490260.0,52545016.0,53926786.0,1112873.0
2022-10-01,146663385.0,51916508.0,62921815.0,1238248171.0,15913209.0,,422083.0,20820911.0,11332443.0,15043048.0,63122085.0,152546882.0,71470211.0,34704115.0,590825.0
2022-11-01,43480984.0,47259107.0,105145805.0,1500985141.0,20008971.0,15799497.0,19598984.0,46779510.0,12393900.0,15467469.0,25793953.0,98760951.0,69979535.0,41752832.0,16191900.0
2022-12-01,70550364.0,39223035.0,94918981.0,1380851021.0,111360485.0,63791808.0,42478469.0,14143326.0,13683042.0,16355728.0,56733273.0,46279977.0,44140845.0,40289199.0,1585880.0
2023-01-01,45097774.0,44926186.0,81883730.0,1067112423.0,50091598.0,18567503.0,34296949.0,30799268.0,16946686.0,22454318.0,62332304.0,173391243.0,39589078.0,73074355.0,582870.0
2023-02-01,75098914.0,33613865.0,114086509.0,1174447987.0,40152544.0,,5564955.0,24436822.0,62426633.0,14444392.0,62113239.0,93579674.0,65892980.0,62269648.0,18109483.0
2023-03-01,135648635.0,46965119.0,64207184.0,1434519093.0,43612080.0,69399971.0,55553427.0,23287922.0,32131717.0,55961175.0,142327797.0,157968672.0,86356059.0,62787116.0,1314943.0
2023-04-01,75654238.0,59440407.0,109381300.0,1370080716.0,69832345.0,,43892198.0,76293881.0,10781690.0,1830958.0,105233746.0,69542693.0,107166666.0,107354837.0,23963469.0
2023-05-01,11868147.0,63440281.0,127639758.0,1814825968.0,76217535.0,27206907.0,9410616.0,72230160.0,24868755.0,60995369.0,130195255.0,221724621.0,118569296.0,45728009.0,776040.0
2023-06-01,103424213.0,31124458.0,73418995.0,1876595661.0,24418481.0,338576.0,19092411.0,4918653.0,13242763.0,38623864.0,67549731.0,181564722.0,27769404.0,36538526.0,34234623.0
2023-07-01,85677893.0,18644745.0,84676349.0,1617092234.0,98138027.0,74750174.0,6612280.0,47751531.0,3311646.0,5488247.0,114623779.0,76555411.0,85496063.0,85863748.0,1629821.0
2023-08-01,68980376.0,55297322.0,98109354.0,2008816730.0,69622974.0,45624501.0,19539322.0,37396852.0,11102307.0,19787472.0,68386139.0,151145393.0,60441022.0,48215679.0,46364079.0
2023-09-01,157293891.0,39796561.0,98793288.0,1988879191.0,5886448.0,33311027.0,19644411.0,69854758.0,6195765.0,,168686450.0,148181677.0,64973002.0,51439835.0,19053933.0
2023-10-01,104263220.0,55852086.0,97148197.0,2009928565.0,45272523.0,55549517.0,45675424.0,25526126.0,29318735.0,,34272104.0,195398457.0,53307715.0,108615767.0,57207883.0
2023-11-01,113528192.0,26387242.0,82661265.0,1729712591.0,48150698.0,19833666.0,20361032.0,14475582.0,26307148.0,,119369325.0,161456928.0,65982027.0,79103850.0,553509.0
2023-12-01,24431280.0,26465186.0,66885239.0,2624427494.0,159456741.0,47682383.0,72701216.0,114030225.0,48995575.0,1056763.0,161140168.0,132749209.0,73950125.0,35054012.0,26566094.0
2024-01-01,134182510.0,52486062.0,44065661.0,2017612992.0,38780387.0,48839239.0,18973709.0,11791450.0,12150336.0,862713.0,153501534.0,108026678.0,30997188.0,86331002.0,64326459.0
2024-02-01,37484329.0,60625237.0,61439865.0,1858297509.0,,71828517.0,20435723.0,19917416.0,20011488.0,120.0,,220244981.0,150393181.0,86037890.0,521297.0
2024-03-01,97148718.0,40354940.0,170177724.0,1577463145.0,17763929.0,59257413.0,27068250.0,69010083.0,23601112.0,98783.0,113283898.0,108013546.0,110144307.0,92377298.0,
2024-04-01,56704921.0,36269203.0,86640072.0,1689210875.0,134961080.0,64392094.0,59133569.0,40387147.0,27513744.0,119458.0,26780970.0,131542428.0,59980887.0,133131548.0,
2024-05-01,32115483.0,44170420.0,87284197.0,1558525617.0,68573561.0,32463420.0,54995220.0,46922145.0,8938695.0,,99228569.0,162381566.0,109846143.0,93864716.0,36336937.0
2024-06-01,103463748.0,49357325.0,55676236.0,1837956464.0,6402063.0,17989622.0,114333758.0,39939903.0,2137711.0,14020962.0,103821053.0,151805307.0,62335354.0,14395510.0,113529.0
2024-07-01,10543424.0,43207074.0,72654976.0,2141386557.0,108880873.0,16530273.0,59749171.0,113627191.0,20657679.0,8373514.0,78644013.0,85447301.0,116270216.0,85098962.0,56401805.0
2024-08-01,11511500.0,27199871.0,74511921.0,1881166310.0,51844314.0,58717085.0,41127989.0,35535273.0,3679872.0,21603487.0,97818418.0,129029955.0,28031563.0,37585492.0,
2024-09-01,172669060.0,42273618.0,83746041.0,1825698065.0,42727689.0,32776058.0,32754708.0,14822391.0,,56273.0,64156615.0,100878288.0,74656771.0,51492403.0,
2024-10-01,36648941.0,43835038.0,36724013.0,1733924095.0,33320683.0,39163663.0,31723415.0,90408039.0,14466.0,26815709.0,76335350.0,155601947.0,68860013.0,68700336.0,4103873.0
2024-11-01,155318729.0,27442672.0,69518188.0,1688348476.0,60586732.0,50419445.0,37159112.0,38468711.0,2669952.0,8037696.0,81683496.0,115641449.0,68154228.0,48282124.0,66671584.0
2024-12-01,83572750.0,45992567.0,59285491.0,1546540478.0,43927061.0,53854752.0,76551017.0,,7922267.0,8146453.0,114407633.0,133349826.0,81989664.0,25796551.0,70556431.0
2025-01-01,27347905.0,27280713.0,58063177.0,1662921912.0,90540257.0,68699619.0,32603516.0,45426383.0,9297027.0,21081509.0,60930792.0,124134558.0,122447513.0,42625656.0,461966.0
2025-02-01,48059523.0,21633301.0,43696876.0,1185737367.0,18020116.0,,25601378.0,20811648.0,7704321.0,18805109.0,43488983.0,92742934.0,50210492.0,83585948.0,
2025-03-01,93951139.0,22077466.0,85765975.0,1505287861.0,70432119.0,181322.0,23713.0,,8661000.0,8182960.0,49902082.0,65570197.0,101204996.0,84053227.0,53249229.0
2025-04-01,198069606.0,8961374.0,12519145.0,1492772275.0,85420144.0,34007965.0,61042716.0,86083060.0,,11726016.0,107255576.0,97548456.0,78093123.0,22116551.0,9354801.0
2025-05-01,76059685.0,24331733.0,95268125.0,1575832331.0,55635857.0,47786118.0,89264691.0,30726026.0,15049.0,8474707.0,57742879.0,128072037.0,49293966.0,102480469.0,56636221.0
2025-06-01,6922693.0,17596966.0,28728538.0,1756624511.0,24004138.0,15370687.0,25959319.0,13889070.0,15919.0,184965.0,64887431.0,233467844.0,101116997.0,61127521.0,566467.0
2025-07-01,174222223.0,16972165.0,143062557.0,1958359020.0,40334425.0,19875054.0,36066575.0,14223349.0,81622.0,11509850.0,83059130.0,137391960.0,43619535.0,41261592.0,
2025-08-01,37113528.0,25692624.0,28660276.0,1933888022.0,69194871.0,29803027.0,71981073.0,12598485.0,2155.0,61703.0,111962550.0,147125178.0,64232552.0,63724040.0,
2025-09-01,54143486.0,27387032.0,87294549.0,1906008003.0,68171304.0,17635686.0,61417653.0,37811140.0,14192.0,,74126780.0,179916660.0,56313310.0,33051674.0,46899033.0
2025-10-01,77048763.0,24679732.0,60148164.0,2043421295.0,148639934.0,32829009.0,184593122.0,41687325.0,6263167.0,22286298.0,102303017.0,115874870.0,62365982.0,74519251.0,787198.0
2025-11-01,47993899.0,21331806.0,59914620.0,1856657201.0,,70378338.0,34850691.0,30730107.0,9808893.0,,77183909.0,175090515.0,60829719.0,88169511.0,489385.0
2025-12-01,133766635.0,21382418.0,58133793.0,2120675014.0,75790525.0,63181258.0,69626818.0,81361299.0,90126.0,8754452.0,128402579.0,172762326.0,93888581.0,26669498.0,55335963.0
2026-01-01,99047269.0,32128958.0,59318566.0,1586614951.0,55626550.0,33987002.0,14377133.0,17587113.0,7014588.0,12941403.0,62222487.0,140896718.0,14318405.0,42486090.0,
2026-02-01,252406384.0,30161779.0,76857820.0,1252613927.0,91705648.0,48927714.0,33529516.0,4348200.0,,22262381.0,72843355.0,136812520.0,99032140.0,61385873.0,11958536.0
