date,export_26_fob_usd,export_27_fob_usd,export_72_fob_usd,export_84_fob_usd,import_26_fob_usd,import_27_fob_usd,import_72_fob_usd,import_84_fob_usd,export_26_kg,export_27_kg,export_72_kg,export_84_kg,import_26_kg,import_27_kg,import_72_kg,import_84_kg
2010-01-01,1087073060.0,1417207965.0,527222167.0,566357779.0,140744977.0,1776170951.0,279051826.0,1780110213.0,21774145740.0,2892644963.0,830968203.0,70976611.0,165734656.0,4052075056.0,365770654.0,122510918.0
2010-02-01,1313447530.0,1534741714.0,557754147.0,664212950.0,102400227.0,2269248086.0,270225090.0,1827728801.0,23959202434.0,3206430397.0,844187328.0,85253966.0,198990456.0,5019690265.0,347942541.0,121407366.0
2010-03-01,1548746216.0,1736471117.0,644258467.0,933010701.0,87792480.0,2640892469.0,407158658.0,2239783368.0,28371047731.0,3612744248.0,910732635.0,110487126.0,62758788.0,5672917329.0,525768251.0,156194950.0
2010-04-01,1626050353.0,1510020633.0,680312370.0,823591739.0,60215536.0,2964561763.0,365814320.0,1971215242.0,22086999173.0,2948291310.0,1030862712.0,98881099.0,50526457.0,6292089596.0,440665549.0,133495799.0
2010-05-01,2281301697.0,2087884733.0,669074144.0,878370778.0,90264808.0,2451282848.0,362344820.0,2198810276.0,24078530863.0,4011971533.0,946250634.0,108246946.0,73041393.0,5388032827.0,430927111.0,144866288.0
2010-06-01,2532530763.0,1436067860.0,757432563.0,894816511.0,109274491.0,2758535453.0,343082109.0,2303451038.0,25120234678.0,3018057260.0,1021469751.0,111335362.0,55270088.0,5997758813.0,381651101.0,154527369.0
2010-07-01,3009627081.0,976337991.0,655411062.0,938998030.0,122351535.0,2962194742.0,408287358.0,2558288519.0,26694536938.0,2032009068.0,748083585.0,114764821.0,127170197.0,6910051473.0,451973020.0,181394397.0
2010-08-01,3751508777.0,1727640422.0,566659686.0,996225266.0,120987211.0,2693140903.0,495592887.0,2823274818.0,30666623310.0,3712223417.0,679501399.0,122012672.0,170100900.0,5963962260.0,542989559.0,224036889.0
2010-09-01,3465951307.0,1612582836.0,609529454.0,967783614.0,125392160.0,3188029143.0,463161024.0,2975385750.0,28200174120.0,3158271203.0,696294598.0,118193798.0,128005765.0,7147915131.0,489761120.0,257207353.0
2010-10-01,3632070234.0,953339003.0,796987914.0,1003872447.0,147600570.0,2675163377.0,532595923.0,2546839468.0,31711016295.0,1904454297.0,1101436126.0,117081502.0,65065480.0,5777199606.0,602099022.0,176620733.0
2010-11-01,2892078779.0,1544847490.0,885423760.0,992936383.0,111808335.0,2961763755.0,410496406.0,2652678130.0,25375593973.0,3051312935.0,1183428649.0,115739159.0,137722142.0,5885130863.0,408695418.0,193068173.0
2010-12-01,3654295006.0,3306328442.0,1035946044.0,1070288494.0,145502534.0,2213523568.0,383682521.0,2657765256.0,32543059580.0,5939233917.0,1509027290.0,127274076.0,87905629.0,4237557328.0,383661492.0,194587361.0
2011-01-01,2732746180.0,1690707282.0,1074293790.0,825511917.0,173589739.0,2204914638.0,278032226.0,2466193418.0,23689397480.0,2703212496.0,1536850182.0,96893692.0,142450138.0,4729974478.0,257238557.0,185226038.0
2011-02-01,2850671555.0,2035859196.0,906684570.0,987972376.0,91166405.0,2753400353.0,280711676.0,2336430326.0,24128181873.0,3463188640.0,1116774900.0,115025565.0,102903563.0,5283952278.0,250872146.0,173455688.0
2011-03-01,3058080967.0,1628221852.0,1040784983.0,1092420870.0,125004667.0,3312486736.0,271988864.0,2773551450.0,25622506021.0,2669364208.0,1341311853.0,126980233.0,101140486.0,5904396972.0,229432398.0,189291157.0
2011-04-01,3404233962.0,1824575980.0,1017219079.0,1056626633.0,95154082.0,3937267620.0,280645473.0,2519322347.0,25458619405.0,2630100370.0,1157875491.0,117628500.0,131335643.0,6069308666.0,244886322.0,168113187.0
2011-05-01,3728227659.0,3086349172.0,1077755773.0,1184441824.0,169318850.0,4012065426.0,305948198.0,3049410352.0,27282605854.0,4098181739.0,1252874695.0,131645057.0,122883127.0,6195578507.0,253846190.0,194349961.0
2011-06-01,3648831057.0,2421922917.0,1173902389.0,1132579973.0,128607056.0,3833940551.0,349587023.0,2842990319.0,26278055244.0,3287220881.0,1351780585.0,122678286.0,104167357.0,5875230777.0,301188892.0,188923687.0
2011-07-01,3979612635.0,2410649345.0,926520479.0,1111580902.0,95672606.0,3413126484.0,430479653.0,2759812141.0,28135176714.0,3382775147.0,1086958684.0,119124447.0,60133419.0,5655805079.0,380628676.0,174528092.0
2011-08-01,4684404554.0,2887024005.0,1190708353.0,1436952941.0,143183174.0,4213690194.0,400814877.0,3436688555.0,33250551327.0,3972664955.0,1450679666.0,134703401.0,135963870.0,6969186703.0,348801764.0,216728996.0
2011-09-01,4273478784.0,1800800092.0,855462621.0,1279273748.0,50211486.0,4239617011.0,367280433.0,2854218431.0,30997850898.0,2405235826.0,970272405.0,128970571.0,102012051.0,6628370836.0,330600530.0,185197328.0
2011-10-01,4050644160.0,2071911769.0,856459779.0,1185278501.0,105659453.0,4381930502.0,283574819.0,2774329487.0,28199281476.0,3004775991.0,948739725.0,117832398.0,100599163.0,6455299361.0,230774054.0,189773762.0
2011-11-01,3874987475.0,1908722504.0,973668817.0,1189133778.0,175075869.0,4075858063.0,350057221.0,3191746184.0,32584049319.0,2579759674.0,1151198880.0,118795350.0,193788163.0,6209458877.0,331716079.0,223582484.0
2011-12-01,3930598142.0,3024270282.0,917814919.0,1255860754.0,116218444.0,3331530674.0,354238955.0,2709049228.0,35033480619.0,4126253225.0,1097583516.0,126012798.0,99903987.0,5403518396.0,329048412.0,186637872.0
2012-01-01,1978322314.0,1974837913.0,905298730.0,972129885.0,77983679.0,3008486148.0,337865555.0,2740805162.0,18540074942.0,2850910700.0,1124725289.0,102446651.0,43138509.0,5101823413.0,297618808.0,189380819.0
2012-02-01,2386132034.0,2558219881.0,1081321579.0,1080375570.0,92313262.0,2795106347.0,297960533.0,2704438057.0,23352959859.0,3218100840.0,1366458800.0,115210276.0,120279554.0,3949212304.0,272463830.0,178637672.0
2012-03-01,2909882103.0,2657482929.0,860753102.0,1263736330.0,136775325.0,3600097398.0,336753135.0,2935287868.0,28141352777.0,3596461108.0,1061876374.0,129125970.0,175251754.0,4854594000.0,309718050.0,192610382.0
2012-04-01,2753543785.0,2792721170.0,997934553.0,1037783598.0,47457923.0,4751000608.0,308063049.0,2715116700.0,26550626816.0,3638770618.0,1220467561.0,112996667.0,117907041.0,6086563997.0,291935032.0,177929701.0
2012-05-01,2889501483.0,2392439392.0,1078389071.0,1161261070.0,78185021.0,4189060760.0,297061763.0,3540789694.0,27434527895.0,3123647892.0,1279499961.0,119443036.0,79556574.0,6025862026.0,253296368.0,222228086.0
2012-06-01,2946267299.0,1484471079.0,844482281.0,1045894934.0,21286789.0,4381430371.0,347337858.0,2813646322.0,26821389171.0,2068496967.0,1031888765.0,110287966.0,42514999.0,6414502376.0,328378617.0,178087740.0
2012-07-01,3044002997.0,1884774977.0,880604019.0,1125512293.0,112510897.0,3182859456.0,325545985.0,2770684291.0,27738110224.0,2942140645.0,1050183251.0,114376449.0,146097575.0,6408317658.0,304632230.0,180942877.0
2012-08-01,2924520883.0,2816227873.0,863354459.0,1286484996.0,87213171.0,2169573492.0,349918791.0,2930322056.0,28549842695.0,4329003212.0,946617489.0,122306348.0,99465212.0,4656676145.0,314778446.0,205931946.0
2012-09-01,2609410083.0,1868975798.0,788274478.0,1163034028.0,63931622.0,2791456159.0,303925467.0,2671023628.0,28156525330.0,2735074730.0,1075073577.0,99671528.0,143879408.0,4879682665.0,307622399.0,178793887.0
2012-10-01,2929036514.0,1186909985.0,822705338.0,1381116633.0,69374344.0,2822963444.0,272388258.0,3311535609.0,33953056546.0,1728289795.0,1084812439.0,122495873.0,100096584.0,4715444942.0,242813938.0,216761668.0
2012-11-01,2850755484.0,2075172313.0,866945892.0,1014953972.0,43180934.0,5057951848.0,256013074.0,2852213943.0,33554440938.0,2952827839.0,1089208481.0,99172026.0,196444778.0,7402551716.0,247454638.0,194546531.0
2012-12-01,3022995952.0,2760579198.0,716112909.0,1006842581.0,114715249.0,3317943091.0,244587987.0,2689614527.0,33024372304.0,4083019821.0,1073050471.0,101088204.0,70654195.0,5224499841.0,242453924.0,187288335.0
2013-01-01,2412126151.0,676818936.0,877779659.0,745521806.0,118872913.0,4534650343.0,262536110.0,2877800760.0,25067375144.0,1029744673.0,1414858934.0,82283904.0,120330931.0,6547905174.0,231872740.0,206760387.0
2013-02-01,2329012091.0,1237187338.0,674710348.0,808267542.0,29341748.0,3512125056.0,245589618.0,2683072921.0,21707746319.0,1858232087.0,988540310.0,87049918.0,127437154.0,5561044882.0,261713376.0,340884107.0
2013-03-01,2604703552.0,1759811984.0,756982554.0,950559162.0,210841011.0,3694607979.0,224578468.0,2832645090.0,23317812482.0,2511047725.0,1039016272.0,100136564.0,154850495.0,6019654880.0,219170871.0,187065676.0
2013-04-01,2808885139.0,1149282510.0,811349697.0,1030859141.0,149851856.0,4805153011.0,292471465.0,3123282948.0,24106985960.0,1751225785.0,1144279738.0,109877984.0,93346526.0,7399957622.0,296263674.0,216604583.0
2013-05-01,3084667669.0,1500062472.0,716928470.0,991457728.0,130831179.0,4825176467.0,238502654.0,3096663734.0,28141827957.0,2426076691.0,750609724.0,103997836.0,208020270.0,7440114909.0,223543960.0,208582280.0
2013-06-01,2834414164.0,1060792915.0,588531827.0,1011485838.0,100737374.0,2783949373.0,230597218.0,3124217100.0,27256079965.0,1652489682.0,705168297.0,94838607.0,115545077.0,4964771996.0,195847664.0,208914464.0
2013-07-01,2927956174.0,1241824264.0,550508542.0,1155917196.0,32432426.0,5511790837.0,345097967.0,3122105739.0,30954290480.0,2072437105.0,670996056.0,107091778.0,120460165.0,8612062013.0,355524779.0,211912504.0
2013-08-01,2837838697.0,1408888639.0,550259400.0,1160803797.0,24476991.0,3177970103.0,311776343.0,3008611687.0,31998680760.0,2218179165.0,745794471.0,107587711.0,29187229.0,5905091436.0,315820663.0,208340558.0
2013-09-01,2987204315.0,2232269769.0,646528447.0,1044306724.0,36960676.0,3149955496.0,299277858.0,2857375769.0,29893848460.0,3373729070.0,915757449.0,94905621.0,137401982.0,5412375655.0,330577515.0,187028573.0
2013-10-01,3494096747.0,1390423374.0,777274014.0,1183629619.0,195583678.0,4692314132.0,343023649.0,3211360353.0,33923424129.0,2146601534.0,1074129255.0,112133761.0,273514066.0,8013164173.0,388482271.0,233391430.0
2013-11-01,3211089743.0,1917578389.0,687889747.0,984964497.0,108652275.0,3277755637.0,260147871.0,2798805376.0,31719993429.0,2972827000.0,890651785.0,96142382.0,120195617.0,5585424664.0,269428161.0,182048230.0
2013-12-01,3550517675.0,2247056954.0,733305526.0,1245288987.0,199424323.0,3598071315.0,194769942.0,3028851319.0,32779658735.0,3539565330.0,961693722.0,107823440.0,213110044.0,5380629909.0,196563312.0,191213820.0
2014-01-01,2638602927.0,1426813063.0,787091800.0,945702521.0,101253679.0,3741394966.0,280628666.0,3028776468.0,25636252871.0,2194295109.0,1071038482.0,91619461.0,254651601.0,6856403689.0,293379173.0,213292230.0
2014-02-01,2407861007.0,1226852593.0,708109313.0,1019110000.0,91874894.0,4241300365.0,229600703.0,2590620699.0,23314438222.0,2015412581.0,875691734.0,98798858.0,116137393.0,6943452211.0,228090276.0,165755657.0
2014-03-01,2556940053.0,1268652359.0,592689975.0,993658474.0,102918392.0,2830270845.0,262358271.0,2667055877.0,25397899354.0,1946276492.0,708233857.0,97152440.0,197444693.0,4757943745.0,287051630.0,176206456.0
2014-04-01,2271717283.0,1467782217.0,736858468.0,1022167187.0,74971031.0,3797795015.0,296005416.0,2812437733.0,25664663633.0,2223027144.0,932663973.0,97117776.0,170656122.0,6861474481.0,301758491.0,185849434.0
2014-05-01,2861222498.0,1743986601.0,577521240.0,1121353655.0,169902259.0,4058097594.0,338289498.0,2709643239.0,31737689424.0,2686500418.0,660367921.0,100943656.0,195800066.0,6674009648.0,388953280.0,177565590.0
2014-06-01,2526553770.0,2055969389.0,769622655.0,934536677.0,29056639.0,3955212064.0,277763990.0,2534783250.0,30488695347.0,3189345308.0,962635187.0,88883062.0,60428854.0,6903011523.0,297533537.0,157957390.0
2014-07-01,2377435716.0,3027650440.0,889306978.0,1068089404.0,191775827.0,5033536592.0,348890730.0,2792511390.0,32137645144.0,4589658471.0,1168958163.0,101611529.0,174353805.0,7977054927.0,387038312.0,189586229.0
2014-08-01,2165860279.0,1947013097.0,741063842.0,1055431191.0,87934000.0,3712198115.0,308491324.0,2656335662.0,29269788683.0,3070732820.0,967866209.0,94637686.0,277077065.0,6656695658.0,332408031.0,171918636.0
2014-09-01,2472724853.0,1738171080.0,1029134872.0,1037751564.0,75290506.0,4584065140.0,316873584.0,2587201802.0,33982373666.0,2857548052.0,1514242409.0,97948391.0,118090659.0,7607265097.0,347610147.0,168853539.0
2014-10-01,2096883452.0,1528823086.0,997086451.0,1088617772.0,34796483.0,3116642827.0,284409915.0,2732341068.0,32673068417.0,2639390038.0,1459665940.0,104246926.0,182312236.0,6025304698.0,294131593.0,195579544.0
2014-11-01,1750249412.0,1565321599.0,823816675.0,892504184.0,201459453.0,3528891065.0,252302635.0,2452367953.0,26779765375.0,3025123289.0,1154842542.0,86317478.0,181103091.0,6482712531.0,264513675.0,167243613.0
2014-12-01,2276162249.0,1653257672.0,945807837.0,1098881615.0,76309245.0,4124085632.0,188885766.0,2371720490.0,38777890644.0,3629601687.0,1471927557.0,100966460.0,165347844.0,7600903285.0,184695629.0,159210019.0
2015-01-01,1511424576.0,1354318371.0,912763459.0,724391761.0,114194916.0,2724946199.0,282491455.0,2500235082.0,24292954779.0,3815044952.0,1430178472.0,69201714.0,128468070.0,6555157108.0,305965573.0,169552332.0
2015-02-01,1446863116.0,774755303.0,602745688.0,788060216.0,118462881.0,3050873382.0,237605311.0,2033888695.0,26117299731.0,2813063174.0,874990830.0,76808196.0,202185043.0,6508575750.0,267971169.0,134279833.0
2015-03-01,1573859787.0,973474727.0,870471841.0,1117830707.0,129837268.0,2474955329.0,245216140.0,2354803663.0,31611742363.0,3017404719.0,1309367091.0,100547870.0,307576160.0,7336537022.0,268377660.0,156007560.0
2015-04-01,1377929525.0,1197642967.0,545309053.0,904052864.0,23417411.0,2131662224.0,278224010.0,2368005099.0,29565151201.0,3807948235.0,749881030.0,92591361.0,139906186.0,6613090259.0,350121807.0,145658533.0
2015-05-01,1140434634.0,1377584320.0,764664016.0,836753406.0,71420170.0,2056738618.0,237856107.0,2066550853.0,28633638899.0,4017460173.0,1385484703.0,83935345.0,142522658.0,6224380828.0,281294901.0,125409285.0
2015-06-01,1485175126.0,1707310288.0,780132736.0,957973250.0,106063807.0,2463216881.0,248780424.0,2178486563.0,33005130767.0,4710827852.0,1533085539.0,94248033.0,207617385.0,6895373874.0,318969098.0,138861883.0
2015-07-01,1638110190.0,1312823116.0,841024383.0,848696203.0,286245840.0,2134764849.0,242084161.0,2130670199.0,35383946990.0,3638302958.0,1706661052.0,78899748.0,217383358.0,6474011101.0,275684023.0,128549026.0
2015-08-01,1163674326.0,1332776647.0,761042427.0,815392983.0,8055018.0,1284789831.0,173452049.0,2087298601.0,28274458759.0,4225012297.0,1591753064.0,83691703.0,60633297.0,4283875910.0,185701325.0,141588832.0
2015-09-01,1456375356.0,914003817.0,902876394.0,907414441.0,101685508.0,1768947755.0,173568915.0,1802616996.0,36858206833.0,3366699276.0,2004183194.0,88095285.0,85032410.0,5367622515.0,226354724.0,113808409.0
2015-10-01,1312114186.0,1060548817.0,712809958.0,878397168.0,58010767.0,2589199864.0,142524050.0,2002990044.0,34061853779.0,4081244213.0,1462734778.0,89525917.0,55631680.0,7392500588.0,170839044.0,134667542.0
2015-11-01,1042308678.0,761917524.0,488760754.0,990557286.0,64727547.0,2255426063.0,121084376.0,1806976172.0,29069250994.0,2797845651.0,1075818766.0,84204506.0,105948752.0,7313308197.0,130194657.0,112702437.0
2015-12-01,1506165725.0,980755642.0,724750892.0,1049386704.0,93021971.0,1636228605.0,92790745.0,1484906396.0,40675843221.0,4170990951.0,1936375089.0,95192015.0,111143851.0,5752259511.0,100508223.0,82269291.0
2016-01-01,886863993.0,882080409.0,547599422.0,715196526.0,11278285.0,1007601055.0,94685976.0,1731280470.0,26101886011.0,4272449394.0,1195514739.0,62680051.0,33747436.0,5222672183.0,87030165.0,114251339.0
2016-02-01,874960325.0,563567291.0,558323673.0,806858559.0,97173602.0,1699058515.0,73394444.0,1451742644.0,30864585353.0,3456310825.0,1301070061.0,84458988.0,179900426.0,5799499674.0,66079125.0,90975441.0
2016-03-01,971647725.0,597546879.0,663884430.0,1126590004.0,22595679.0,1495465679.0,119127941.0,1817304011.0,31410170204.0,3483743775.0,1531142433.0,104742801.0,217341827.0,5981034776.0,155089245.0,130979134.0
2016-04-01,1119021975.0,833761188.0,536054191.0,880087313.0,139807806.0,1498205438.0,93801043.0,1595970874.0,29983597509.0,4074071949.0,1265737393.0,89655555.0,123383885.0,5902298351.0,97879432.0,97707387.0
2016-05-01,1522530151.0,706509518.0,666762757.0,996133733.0,95918622.0,1293017136.0,107172572.0,1632004602.0,35085191726.0,3009601164.0,1508138843.0,102965455.0,90727499.0,5202826651.0,132627787.0,105275647.0
2016-06-01,1285395334.0,1126498348.0,665267456.0,961140075.0,79503735.0,1391833582.0,79256908.0,2801911672.0,30100799974.0,4300228392.0,1410898382.0,97249462.0,112114712.0,5557366499.0,74080027.0,310592092.0
2016-07-01,1129951140.0,1030156060.0,635679401.0,839550463.0,160577136.0,1512890300.0,98296433.0,1976743177.0,31240779818.0,3638235982.0,1177960122.0,87565669.0,180775835.0,5230552741.0,93086753.0,154573179.0
2016-08-01,1470895452.0,1189444745.0,791103591.0,1020651477.0,79798047.0,1518922905.0,103011839.0,1772172741.0,35819910703.0,4392221835.0,1394768839.0,97323331.0,73449988.0,5775120399.0,96360680.0,109020342.0
2016-09-01,1667669541.0,1275117157.0,772932537.0,934500707.0,86202666.0,1432034973.0,138351202.0,1492120367.0,36758597692.0,4692155360.0,1569897037.0,85568059.0,76168715.0,5687477111.0,209114565.0,91915862.0
2016-10-01,1311657827.0,1273041560.0,607496285.0,853261698.0,43887720.0,1334252584.0,170651645.0,1637713376.0,31444942906.0,4575427661.0,1077774679.0,89002028.0,57297564.0,4263588828.0,280409211.0,117860077.0
2016-11-01,1453102956.0,1277250624.0,669902981.0,858236386.0,66863776.0,1222757252.0,156520496.0,1586983671.0,32743167563.0,4226915000.0,1378513348.0,85166533.0,94542480.0,4502456975.0,221239521.0,97317413.0
2016-12-01,2122402405.0,826303920.0,776890586.0,1025481254.0,49227782.0,1469194749.0,130181835.0,1638917894.0,36169894840.0,3034785014.0,1591566367.0,101966180.0,49077168.0,4980210619.0,187285707.0,102690532.0
2017-01-01,1888937989.0,2009975866.0,814222309.0,765123998.0,122666920.0,1631488519.0,156342833.0,1710034784.0,30029273759.0,6297666604.0,1461710876.0,75655176.0,123968921.0,5395806253.0,198392611.0,108336360.0
2017-02-01,1685638694.0,2273679028.0,785783975.0,876721952.0,64721637.0,2119608969.0,101862445.0,1359297088.0,26495888295.0,6819617260.0,1466309434.0,86044752.0,81329556.0,5866866934.0,124717291.0,86951184.0
2017-03-01,2536955493.0,1540102159.0,947852231.0,1328123542.0,146609185.0,1869300090.0,175307779.0,1853729108.0,37280561490.0,4579427263.0,1640378194.0,113460581.0,171720381.0,5894437435.0,216754904.0,116300540.0
2017-04-01,1814185513.0,1144440996.0,630892694.0,972739214.0,36274711.0,1750497752.0,129998279.0,1475680273.0,24988001148.0,3623160130.0,1023905696.0,95389258.0,177829613.0,5095886632.0,135498890.0,92469277.0
2017-05-01,1921089125.0,1257853428.0,954704531.0,1085954551.0,60871568.0,1657286458.0,181534041.0,1645062912.0,36141661446.0,4056096734.0,1662974510.0,106157848.0,111105757.0,5221431073.0,206002089.0,102807774.0
2017-06-01,1600283073.0,2125073806.0,831556755.0,1069895727.0,94713402.0,2103787091.0,165805801.0,1683400935.0,35108896791.0,6692732894.0,1401287559.0,102936004.0,124814289.0,6031764730.0,180072692.0,104191487.0
2017-07-01,1434821470.0,1757945486.0,781579014.0,1042060565.0,133519554.0,1983387942.0,177579626.0,1831753335.0,32548373750.0,6030182821.0,1346187550.0,101767289.0,110189519.0,5822195855.0,195389493.0,133254960.0
2017-08-01,1646198494.0,1520754118.0,1019248088.0,1210651624.0,132965423.0,1974422716.0,182192376.0,1986367560.0,35710371535.0,5067127204.0,1683349987.0,114134350.0,136796461.0,6082815688.0,183058563.0,128076086.0
2017-09-01,1929152124.0,1351268445.0,885492391.0,1146503664.0,59347249.0,1723398191.0,191168890.0,1925237253.0,33024214612.0,4363522632.0,1445704159.0,98902009.0,91425288.0,5407261443.0,203400516.0,140169074.0
2017-10-01,2259982275.0,1331358801.0,1122763194.0,1350714286.0,100049078.0,2290045649.0,172269423.0,2009015520.0,36564697693.0,4067896647.0,1873580804.0,115278010.0,67702598.0,6074270005.0,177997073.0,131206264.0
2017-11-01,1781409376.0,959558677.0,967390704.0,1128143296.0,119077670.0,1917910740.0,159197693.0,1885085105.0,35277744748.0,2728798044.0,1537823017.0,105871251.0,132806076.0,5422552043.0,155768369.0,126401516.0
2017-12-01,1899273267.0,1451130060.0,1019805785.0,1251319370.0,121559265.0,2175671431.0,150017594.0,1798843075.0,34022058464.0,3674206602.0,1632255091.0,112627298.0,128574116.0,5721790491.0,137510877.0,119785247.0
2018-01-01,1787693038.0,2273936983.0,990267805.0,1222311341.0,68828296.0,2451484880.0,208450617.0,1994089577.0,31321201504.0,5900560201.0,1501694716.0,102433409.0,45331565.0,6678620254.0,192306285.0,136739022.0
2018-02-01,1521273265.0,1846251432.0,801393092.0,1185947443.0,36718522.0,2160431245.0,157661170.0,1812226744.0,24662363988.0,4278509076.0,1198714927.0,102710205.0,129949119.0,5298631222.0,143224138.0,120198283.0
2018-03-01,1932525693.0,2129493077.0,957689469.0,1267760773.0,108634753.0,2223635951.0,188885489.0,2010278936.0,31003879412.0,5070256529.0,1279763490.0,108769930.0,73432699.0,5662082076.0,186811501.0,128348376.0
2018-04-01,1751644941.0,2183200046.0,983585502.0,1233629918.0,194158467.0,1935418655.0,208993607.0,2119884010.0,26813719818.0,5233308845.0,1360557233.0,106559027.0,133548132.0,5255862645.0,192357189.0,132039444.0
2018-05-01,1941682320.0,1835096840.0,726024061.0,960265149.0,63245449.0,1902363371.0,201398823.0,1890924917.0,35348279736.0,4159158547.0,873978700.0,73042154.0,36719484.0,5365800669.0,212495314.0,155588814.0
2018-06-01,1894600995.0,1557141873.0,1209442180.0,1367264277.0,15942717.0,1983902092.0,224800840.0,2087422413.0,36691381411.0,3321040467.0,1592300516.0,117218045.0,6630200.0,5101353010.0,221480854.0,129280444.0
2018-07-01,2179316666.0,3860071725.0,860768387.0,1054155960.0,193504460.0,2341404626.0,231995853.0,2169867746.0,37033181957.0,8898326602.0,1118241032.0,82407781.0,97065810.0,5565470449.0,227181310.0,142701483.0
2018-08-01,1977632762.0,2276566720.0,597703237.0,1396503323.0,119581807.0,2977465554.0,259862768.0,2261587397.0,36978376410.0,4820342060.0,723624390.0,111178293.0,101181390.0,7320082173.0,280725443.0,146513707.0
2018-09-01,1953641077.0,2890722662.0,978833529.0,1123120661.0,69762917.0,2027569393.0,264104981.0,1851581538.0,34690025349.0,6133363929.0,1260814033.0,99578584.0,54625667.0,4816084587.0,349416459.0,118512884.0
2018-10-01,2395929354.0,3730685571.0,1465755887.0,1276076215.0,94054569.0,2781808272.0,158131628.0,2171166173.0,38591568772.0,7797521494.0,2014894426.0,110095812.0,50734799.0,6178917809.0,123632506.0,138755443.0
2018-11-01,2107070277.0,2676084199.0,1124313986.0,1105101740.0,36199817.0,2298947612.0,189532580.0,2018801285.0,35379062216.0,5465184994.0,1440839448.0,107562167.0,22506739.0,5347878054.0,163953825.0,117642032.0
2018-12-01,2227254120.0,2349989147.0,1085722490.0,1139111223.0,144992379.0,2787991121.0,170504065.0,1648729896.0,35030790175.0,5209584883.0,1561005484.0,106364829.0,100292616.0,5919090324.0,177027326.0,96676298.0
2019-01-01,2034212946.0,2488327265.0,1248104661.0,1040895493.0,69060669.0,2152212450.0,197203721.0,2052686119.0,34303307299.0,5936388314.0,1879028340.0,86114779.0,112607476.0,5644917927.0,197401798.0,127038271.0
2019-02-01,1734527774.0,1957794595.0,714201581.0,1023359943.0,105340710.0,1748902669.0,185858808.0,1856693246.0,29949164905.0,4808837644.0,1022234841.0,92698392.0,96593960.0,4611831361.0,192889518.0,116930764.0
2019-03-01,1624044228.0,2220732873.0,736934086.0,1074031030.0,196148925.0,2062509387.0,198414760.0,1889983116.0,23276623695.0,5276707611.0,1027754888.0,105254379.0,133375050.0,5297261823.0,218155958.0,123219138.0
2019-04-01,1374343124.0,3472652042.0,948296500.0,1099610196.0,64473189.0,2020052741.0,202951749.0,2092578484.0,19355077693.0,7900415549.0,1281150897.0,113685425.0,164125184.0,5118777064.0,225807960.0,141746022.0
2019-05-01,2176603676.0,2779433471.0,1083052267.0,1137440996.0,116407936.0,2452234198.0,210889225.0,2278264415.0,30636220035.0,6103296994.0,1495865372.0,122304936.0,136232900.0,6408822714.0,217885078.0,159391295.0
2019-06-01,2359412017.0,2004117983.0,1010460956.0,1003232516.0,36883671.0,1835019916.0,154930365.0,2132230726.0,30493803597.0,4468589627.0,1421730154.0,98288828.0,71373284.0,4323472850.0,151051085.0,142138552.0
2019-07-01,2867234300.0,2139717415.0,914123650.0,1075864725.0,150196346.0,2859232353.0,218530065.0,2439623971.0,35775953592.0,4889245968.0,1248287237.0,107302272.0,273655701.0,6841930490.0,262236206.0,151448066.0
2019-08-01,3075590891.0,2372949861.0,858013093.0,1157865457.0,71817509.0,1920691429.0,213170470.0,2908667494.0,34809127526.0,5700232994.0,1248531837.0,102810849.0,52156430.0,5549646726.0,269941629.0,185770631.0
2019-09-01,2338529429.0,2569158464.0,845339291.0,937363427.0,18075784.0,2042589303.0,174806428.0,2120900424.0,33337421399.0,6498995853.0,1324301768.0,98508689.0,11064524.0,5198774821.0,164856058.0,140315955.0
2019-10-01,2473414511.0,2661593938.0,977942196.0,850893007.0,207399007.0,2075133182.0,190692814.0,2496882323.0,35396023789.0,6623089622.0,1594244036.0,90881575.0,185253810.0,5354754277.0,200671733.0,170168846.0
2019-11-01,2035450564.0,1997612306.0,884655336.0,885355225.0,105403974.0,2458713990.0,136398069.0,2069989159.0,30264506131.0,4934593317.0,1434033764.0,89987729.0,156768711.0,6233046665.0,119265246.0,121814409.0
2019-12-01,1744085946.0,3649567631.0,733142482.0,909371473.0,61060000.0,1837713235.0,120307946.0,1902968688.0,26208789655.0,9418378398.0,1386037906.0,92795263.0,106729915.0,5517067343.0,114518792.0,118554083.0
2020-01-01,1930657281.0,2366339143.0,732325351.0,640885018.0,15125355.0,1896093008.0,195017088.0,2540376377.0,27425926761.0,5596534400.0,1345984021.0,64428211.0,10946750.0,5194425552.0,198209464.0,168984511.0
2020-02-01,1788189057.0,2898076202.0,688449548.0,777109133.0,86112223.0,1769502599.0,121283252.0,2930564663.0,22744066939.0,7226811541.0,1154165948.0,83413299.0,74119744.0,4925221613.0,118747014.0,147320983.0
2020-03-01,1512412201.0,2647292407.0,1036656973.0,773975166.0,83343609.0,1515464062.0,148623236.0,2077976643.0,21919895690.0,8325209318.0,1784372368.0,90951432.0,111697733.0,5053428621.0,132354032.0,132655775.0
2020-04-01,1880152880.0,2189146303.0,761176071.0,596514852.0,46556701.0,1406155440.0,152915431.0,1563290916.0,24677959778.0,7880412951.0,1225114923.0,67202046.0,42444566.0,5000491891.0,163456361.0,104748584.0
2020-05-01,1625992412.0,1724924293.0,728706741.0,503997764.0,67047312.0,908920100.0,134321694.0,1549832956.0,22172551981.0,9836244479.0,1055985814.0,60493935.0,61740903.0,4495811527.0,132478320.0,117341749.0
2020-06-01,2126576786.0,1534557292.0,689567862.0,585152680.0,57272322.0,1251462024.0,155942106.0,1445708973.0,31112942389.0,6979679826.0,1531014925.0,68221851.0,58974078.0,4697488482.0,198974999.0,91998021.0
2020-07-01,2706129783.0,2387204922.0,626188481.0,636396986.0,28720172.0,1073841596.0,141384537.0,1731993880.0,35096694947.0,9359310979.0,1296497351.0,74220221.0,110661891.0,3485589756.0,138696290.0,116300875.0
2020-08-01,2580150882.0,1809594932.0,701823977.0,691851757.0,17521389.0,989595955.0,120454102.0,1659054574.0,32179266812.0,6215224018.0,1414694041.0,80278841.0,60302249.0,3604433986.0,120503998.0,108560978.0
2020-09-01,3392460192.0,1701409725.0,606181882.0,728765015.0,67336815.0,1107713145.0,127996355.0,1769005120.0,38648605030.0,5702935386.0,1126887385.0,84342258.0,206284748.0,4323294335.0,131300449.0,126289169.0
2020-10-01,3147926524.0,1471020540.0,693885239.0,798240738.0,66585069.0,1104651557.0,126853204.0,1909465648.0,32119730172.0,5213156329.0,1267787852.0,89982062.0,201396887.0,4159779791.0,147046569.0,140938117.0
2020-11-01,2914723277.0,1858734525.0,601100609.0,732720079.0,92495469.0,1266519090.0,160988839.0,2288277337.0,29930064519.0,6559074009.0,875991188.0,86483568.0,113160825.0,5097653748.0,180718422.0,173055118.0
2020-12-01,3287890866.0,2284271270.0,806705444.0,870780061.0,57558380.0,1292968558.0,166908095.0,2135353536.0,33986539127.0,7465618291.0,1176401059.0,101454534.0,95403913.0,4407367641.0,197441529.0,166589368.0
2021-01-01,3086250578.0,1983865808.0,616991444.0,661351008.0,101061461.0,1719485827.0,262247725.0,2170874259.0,29728846243.0,5893940241.0,871186275.0,75984256.0,174632082.0,5068117538.0,344824748.0,168386385.0
2021-02-01,3124291528.0,2099812350.0,854664580.0,733677509.0,108019139.0,1642159004.0,264051086.0,1968839941.0,24734143025.0,5433239696.0,1041041207.0,92902144.0,90121450.0,5424217730.0,398666904.0,158626185.0
2021-03-01,4073791926.0,3082163950.0,1245017082.0,804696824.0,74837174.0,2104319991.0,323492295.0,2569780193.0,29177073307.0,7357759142.0,1630209437.0,96350645.0,87201154.0,6120965781.0,407138273.0,210419960.0
2021-04-01,3793874798.0,3691527889.0,1065743634.0,816942633.0,104781327.0,2259547340.0,319543627.0,2177804501.0,26422958836.0,8335914665.0,1091761693.0,104057351.0,112123520.0,6641339050.0,375448878.0,159855860.0
2021-05-01,3828769444.0,3124136298.0,1023624499.0,882248974.0,80416339.0,2202130206.0,414170619.0,2456640894.0,27318276580.0,6967618808.0,1041198437.0,103507302.0,92921529.0,6394801554.0,502014031.0,193782909.0
2021-06-01,5618256892.0,4421491264.0,1192130168.0,916987139.0,77103290.0,2254925842.0,475446363.0,2309127599.0,34135911558.0,9543976765.0,1215064147.0,107129534.0,48238374.0,6204050305.0,551597819.0,174986845.0
2021-07-01,5305153350.0,2933245867.0,1178015999.0,868266712.0,87756609.0,2378374550.0,459532090.0,2446528587.0,32336615971.0,5925902382.0,1155569332.0,101758351.0,42954854.0,5819153817.0,510720281.0,174587993.0
2021-08-01,6025897139.0,3760347038.0,1374803703.0,950375729.0,103241775.0,2983133471.0,432445680.0,2610897520.0,35407547471.0,7870733446.0,1253779362.0,102705962.0,54555715.0,6933387978.0,451435597.0,182747049.0
2021-09-01,4498702350.0,3157815782.0,1409100305.0,1008039272.0,137771118.0,2606846149.0,372408292.0,2611397061.0,34107417065.0,6453666869.0,1243715365.0,113855921.0,140948529.0,6135280929.0,338439682.0,178696890.0
2021-10-01,3456658989.0,3888591764.0,1213047227.0,976587343.0,65795674.0,3281391204.0,370900250.0,2561947225.0,31485376701.0,7390278089.0,1073152440.0,109563962.0,32765201.0,6033659058.0,342173243.0,182343847.0
2021-11-01,2986770939.0,2448500918.0,1357252684.0,937316506.0,47946066.0,3686329373.0,491688111.0,2713683765.0,29568467856.0,4479996225.0,1442164776.0,109189993.0,25735014.0,6556396519.0,434463301.0,198370801.0
2021-12-01,2924416431.0,3761719813.0,1732683671.0,1179254460.0,47474158.0,3301112695.0,349548626.0,2749650059.0,31882193444.0,7189274516.0,1925264656.0,1646225043.0,22967294.0,5319745474.0,265251873.0,210289894.0
2022-01-01,2041540411.0,3119709640.0,1407789837.0,751385806.0,58647620.0,4297037812.0,363989665.0,2636703482.0,25517938078.0,5791473155.0,1471222420.0,84658841.0,81506628.0,7280205132.0,272591986.0,216484119.0
2022-02-01,2075493253.0,4881713083.0,1180686697.0,954247939.0,87516516.0,2706489529.0,351111464.0,2665345843.0,18907840483.0,7894860294.0,1237926294.0,99003077.0,37110614.0,4808223015.0,272348120.0,191336705.0
2022-03-01,3193994096.0,4554095466.0,1546972477.0,1028231041.0,55070865.0,3429621137.0,331816404.0,2937805020.0,29329067847.0,6736486910.0,1648906984.0,108551773.0,30717571.0,5807657393.0,232833788.0,210021701.0
2022-04-01,2806036063.0,4339214515.0,1373936021.0,949323441.0,78829002.0,3942844007.0,320851141.0,2478236878.0,25153395025.0,6123336232.0,1449231094.0,98942361.0,30669539.0,5477478088.0,202092503.0,177751828.0
2022-05-01,3007068830.0,3990620384.0,1528463661.0,1048292451.0,118982608.0,4762128299.0,372518744.0,2846371952.0,26019334888.0,5446636733.0,1381395261.0,104494389.0,90845153.0,6582051538.0,248240157.0,192180005.0
2022-06-01,3275157971.0,5405330700.0,1840141740.0,1097238814.0,115220443.0,4283830548.0,289929994.0,2697257804.0,32481021543.0,7215758275.0,1488594067.0,114313495.0,105782411.0,6088816959.0,188223364.0,164212800.0
2022-07-01,3076401846.0,5140689434.0,1560600238.0,1053714489.0,68162263.0,4380898093.0,387792257.0,2786586329.0,32491435393.0,6549493016.0,1260553770.0,108510891.0,87865932.0,6453248822.0,263533148.0,186925159.0
2022-08-01,2981534362.0,5060992437.0,1415340254.0,1268075015.0,89419896.0,4730064326.0,416698798.0,3143623119.0,33910532409.0,7117349255.0,1279113293.0,126938809.0,46389524.0,6318943727.0,302760630.0,235156637.0
2022-09-01,3144507127.0,4585899767.0,1271214891.0,1082660248.0,61712750.0,4834554983.0,311462321.0,2995614208.0,36841522793.0,7048986845.0,1276046293.0,108109825.0,31721121.0,6379425580.0,215016161.0,224128110.0
2022-10-01,2100195819.0,4086114632.0,1110486696.0,1079035915.0,67032325.0,4082569066.0,380447182.0,3022987515.0,27183515801.0,6911246970.0,1214654505.0,104550815.0,45546826.0,5853339545.0,287191647.0,219096017.0
2022-11-01,2348096883.0,6107107525.0,1240871411.0,1017062512.0,46792653.0,3228315449.0,360696824.0,2957768674.0,30445322011.0,10382758416.0,1158811516.0,103923881.0,78876304.0,5040121149.0,307123013.0,220672046.0
2022-12-01,2405231019.0,5445831451.0,1190909309.0,1108432732.0,43367227.0,4821513543.0,368434423.0,2723407128.0,32700808602.0,9770900159.0,1261958444.0,104289799.0,26168315.0,7789414815.0,313843882.0,195707004.0
2023-01-01,2058645703.0,4237950558.0,1213270991.0,965320891.0,89972860.0,3206897734.0,403252615.0,2802916555.0,24987259396.0,8056691732.0,1238486406.0,92826518.0,106761005.0,5626299028.0,341944979.0,184107826.0
2023-02-01,2246451526.0,2267406783.0,1072151661.0,1120913624.0,95273330.0,3121508773.0,301014979.0,2505453515.0,23916825485.0,3936176140.0,1222204669.0,99806897.0,99146202.0,5419862375.0,296954614.0,177707943.0
2023-03-01,2778967240.0,6334608829.0,1538722650.0,1276295916.0,91929886.0,3516432599.0,376406739.0,3151711691.0,28113912772.0,12200987584.0,1709591296.0,113199629.0,34812618.0,6284084327.0,308015198.0,200057085.0
2023-04-01,2575078496.0,3136865456.0,1145707933.0,1025145842.0,83299913.0,3014674649.0,355954464.0,2652955254.0,25698091037.0,5850019873.0,1150884274.0,92350521.0,92707614.0,5775883363.0,357468047.0,171290484.0
2023-05-01,3166172155.0,5015076684.0,1478305731.0,1378005429.0,67434339.0,3382776326.0,359484991.0,3091291254.0,35722045256.0,9738938557.0,1583407163.0,119779387.0,124863079.0,7005516633.0,340224572.0,203331111.0
2023-06-01,3019912153.0,3577905166.0,1454651578.0,1076042516.0,68983877.0,2845759478.0,364182494.0,2916153300.0,35364119488.0,6906194339.0,1489057895.0,99129353.0,44820721.0,5865143433.0,353296140.0,193205330.0
2023-07-01,2630765134.0,4724300317.0,1120763624.0,1159717647.0,52916277.0,3065223064.0,445299509.0,2992245427.0,32444901208.0,9268790681.0,1247401124.0,107007658.0,81403609.0,6616543722.0,435584504.0,184484622.0
2023-08-01,3163646290.0,5038853987.0,1223558286.0,1430290244.0,48511750.0,2962124176.0,435027411.0,3012574468.0,38024228497.0,9454723393.0,1418864594.0,126303930.0,65941356.0,5345255778.0,456710969.0,204010917.0
2023-09-01,3306893934.0,5352200491.0,1025918799.0,1176483494.0,43186153.0,2699473880.0,470063723.0,2901400245.0,36320058335.0,9193955703.0,1196176750.0,98832200.0,25516677.0,4940803154.0,517125257.0,190772925.0
2023-10-01,3195958552.0,5737257565.0,1208509649.0,1404549309.0,40950737.0,3413902204.0,365895660.0,2844900882.0,34060024966.0,9237854522.0,1657416258.0,115652479.0,17742466.0,6273495599.0,405956826.0,185501610.0
2023-11-01,2929521265.0,5168657025.0,1040526548.0,984729742.0,37841849.0,2609295826.0,312469157.0,2853348299.0,31766877544.0,8775877224.0,1220432406.0,97041666.0,15870666.0,4859851940.0,325330269.0,178190283.0
2023-12-01,3981878298.0,4574332651.0,1097715247.0,1084842001.0,39794374.0,2892379814.0,414423473.0,2927612455.0,40060795520.0,8120105677.0,1303247725.0,98893037.0,18198513.0,5258178935.0,474854829.0,191145875.0
2024-01-01,3224915023.0,6079598056.0,1037058251.0,1036610945.0,44480494.0,2807404088.0,323715911.0,3076537181.0,29975912484.0,11542800888.0,1449768711.0,92832114.0,16651105.0,5684514773.0,326646079.0,228925946.0
2024-02-01,2985595746.0,3475990057.0,935485977.0,913229663.0,54828340.0,2378782541.0,361035147.0,2958617088.0,28858654400.0,6798885570.0,1075215930.0,85764512.0,28525881.0,4826139171.0,416210450.0,197364780.0
2024-03-01,2772378180.0,4582424789.0,1039465457.0,960685968.0,53043541.0,3223789985.0,381988016.0,3314368849.0,26935201527.0,9307141180.0,1261135696.0,91200959.0,19087224.0,6256149580.0,454039799.0,224509342.0
2024-04-01,2883882127.0,5870608776.0,965442956.0,1086714830.0,51123181.0,3093732421.0,367904248.0,3309667990.0,30341313678.0,11333433888.0,963552982.0,100373858.0,39701610.0,6111240152.0,406258011.0,220024805.0
2024-05-01,2824578290.0,5918861565.0,1035874677.0,1042127382.0,39172701.0,3332336905.0,448131751.0,3553233280.0,32899622716.0,10581857951.0,1111252600.0,102311289.0,17590779.0,5910910670.0,530947916.0,216257312.0
2024-06-01,2933558870.0,4582493597.0,807724400.0,870423491.0,50371532.0,2759464134.0,370320750.0,3216199378.0,33853293150.0,8487649144.0,937311895.0,78912750.0,15713833.0,5564115521.0,406841838.0,227458113.0
2024-07-01,3313506135.0,4656192601.0,1498416970.0,1305761313.0,56165349.0,2999527621.0,441962107.0,3607284747.0,39894886808.0,8666506791.0,1919100229.0,105428565.0,44339975.0,6435557661.0,556845292.0,251513334.0
2024-08-01,2847640859.0,4876870096.0,969193823.0,959538293.0,75008334.0,3151579431.0,484532238.0,3660135582.0,34934151921.0,9071222142.0,1182463781.0,87591489.0,35725382.0,6320683708.0,615217494.0,259354557.0
2024-09-01,2959126054.0,4031619361.0,932414331.0,1287170753.0,35860729.0,3179577858.0,494606896.0,3516966153.0,37767030213.0,7422753913.0,1146503416.0,107593816.0,7831673.0,6634288478.0,645367866.0,253172376.0
2024-10-01,2571144554.0,4778784506.0,1035804878.0,1342587088.0,74722710.0,3003501651.0,476943335.0,3933194581.0,35851938206.0,9426428912.0,1195716569.0,110691778.0,35509213.0,6819918802.0,573140547.0,307435826.0
2024-11-01,3000584363.0,5337872904.0,716690001.0,1050783483.0,31858426.0,2321635931.0,338010558.0,3432868663.0,34217655123.0,10382391924.0,731009643.0,99496559.0,8777856.0,4678234559.0,362387012.0,256562893.0
2024-12-01,2738912845.0,3041362932.0,934518073.0,1123525074.0,39545771.0,2054587040.0,291001767.0,3541449475.0,31147597638.0,6238563652.0,1097974675.0,98658141.0,13669048.0,4646906667.0,295723305.0,275596752.0
2025-01-01,2577646473.0,5616335312.0,979198654.0,829876065.0,23590694.0,2734711566.0,462049223.0,3889144977.0,31251560745.0,11055874610.0,1301941414.0,76720154.0,5921848.0,5790183140.0,528553936.0,324092340.0
2025-02-01,2034730865.0,3272784370.0,870902586.0,872130083.0,41619432.0,2213160079.0,377235312.0,3635232738.0,25757632846.0,6244588301.0,1038533611.0,87148471.0,12747906.0,4838206352.0,417990150.0,261568954.0
2025-03-01,2538759755.0,3765772247.0,987196316.0,1078254561.0,46734711.0,2344457535.0,483015159.0,3870340485.0,28938407326.0,7433147003.0,1220018766.0,95692808.0,18304673.0,5049126374.0,636145219.0,271321281.0
2025-04-01,2620643476.0,5438943337.0,880410638.0,1013994905.0,47021353.0,2360721186.0,409975245.0,3727094744.0,30829302606.0,11204163253.0,1103657622.0,105072636.0,20176000.0,5775771876.0,500036609.0,268680817.0
2025-05-01,2804931209.0,4988737406.0,1145604305.0,1019561898.0,60908801.0,2400720500.0,502471390.0,3773721107.0,35643569165.0,10950098910.0,1368362903.0,99056668.0,33513209.0,5474496973.0,658045039.0,251002770.0
2025-06-01,2682521871.0,4420770414.0,1115376906.0,1103922915.0,60634805.0,2184374445.0,471282642.0,3807357561.0,36501738209.0,9705438920.0,1540827608.0,99336357.0,26827562.0,5165172588.0,561300705.0,254961643.0
2025-07-01,3318034352.0,4927745780.0,1254194172.0,1190043472.0,38886382.0,2801549670.0,471047942.0,4279087394.0,41767968411.0,10222986473.0,1681852544.0,101053906.0,21367157.0,5725615629.0,566349180.0,272839219.0
2025-08-01,2993061796.0,5104987068.0,912706092.0,1207703507.0,53205706.0,3033008657.0,368365979.0,3847752362.0,40595489383.0,10732461274.0,1209781636.0,94084664.0,30306130.0,5715605823.0,464081745.0,244375683.0
2025-09-01,3017037408.0,4670237487.0,959892596.0,1322461450.0,42056437.0,2740926500.0,334467852.0,4227301405.0,36874447342.0,9918060559.0,1199136119.0,104994402.0,10448831.0,6428551397.0,404261627.0,269357638.0
2025-10-01,3598198792.0,4623621467.0,1010194961.0,1494806869.0,36367424.0,2666463338.0,362307090.0,4326743104.0,41317146176.0,10330461747.0,1431865466.0,105197774.0,18176108.0,6312708470.0,436392457.0,309641007.0
2025-11-01,2911708818.0,4301274725.0,1109167919.0,1353740172.0,30235648.0,2551847612.0,351421335.0,4036385038.0,35054035733.0,10096568344.0,1480087422.0,108301996.0,5303360.0,5789195319.0,445783499.0,245209751.0
2025-12-01,3790610235.0,4824046516.0,1120933241.0,1405675758.0,37004690.0,2494293216.0,293748844.0,3608884378.0,40772399271.0,11416187678.0,1572498338.0,115774130.0,24055653.0,6213613849.0,341903908.0,256723017.0
2026-01-01,2700382968.0,4972316243.0,1026706495.0,1000122554.0,,,,,29071527047.0,11721204129.0,1493493267.0,69768341.0,,,,
2026-02-01,2835260826.0,4638368772.0,1253217107.0,1059814523.0,,,,,29209692660.0,10655854491.0,1674209556.0,90582042.0,,,,
