date,pia_mineracao__Custos e despesas - gastos de pessoal - total - 05 Extração de carvão mineral,pia_mineracao__Custos e despesas - gastos de pessoal - total - 06 Extração de petróleo e gás natural,pia_mineracao__Custos e despesas - gastos de pessoal - total - 07 Extração de minerais metálicos,pia_mineracao__Custos e despesas - gastos de pessoal - total - 08 Extração de minerais não-metálicos,pia_mineracao__Custos e despesas - gastos de pessoal - total - 09 Atividades de apoio à extração de minerais,pia_mineracao__Custos e despesas - total - 05 Extração de carvão mineral,pia_mineracao__Custos e despesas - total - 06 Extração de petróleo e gás natural,pia_mineracao__Custos e despesas - total - 07 Extração de minerais metálicos,pia_mineracao__Custos e despesas - total - 08 Extração de minerais não-metálicos,pia_mineracao__Custos e despesas - total - 09 Atividades de apoio à extração de minerais,pia_mineracao__Número de empresas - 05 Extração de carvão mineral,pia_mineracao__Número de empresas - 06 Extração de petróleo e gás natural,pia_mineracao__Número de empresas - 07 Extração de minerais metálicos,pia_mineracao__Número de empresas - 08 Extração de minerais não-metálicos,pia_mineracao__Número de empresas - 09 Atividades de apoio à extração de minerais,pia_mineracao__Pessoal ocupado em 31/12 - 05 Extração de carvão mineral,pia_mineracao__Pessoal ocupado em 31/12 - 06 Extração de petróleo e gás natural,pia_mineracao__Pessoal ocupado em 31/12 - 07 Extração de minerais metálicos,pia_mineracao__Pessoal ocupado em 31/12 - 08 Extração de minerais não-metálicos,pia_mineracao__Pessoal ocupado em 31/12 - 09 Atividades de apoio à extração de minerais,pia_mineracao__Receita - total - 05 Extração de carvão mineral,pia_mineracao__Receita - total - 06 Extração de petróleo e gás natural,pia_mineracao__Receita - total - 07 Extração de minerais metálicos,pia_mineracao__Receita - total - 08 Extração de minerais não-metálicos,pia_mineracao__Receita - total - 09 Atividades de apoio à extração de minerais,paic_construcao__Número de empresas - Total - Total,paic_construcao__Pessoal ocupado em 31/12 - Total - Total,paic_construcao__Receita bruta total - Total - Total,paic_construcao__Valor adicionado - Total - Total
2007-01-01,185462,34733,2403843,1192997,1484529,819850,283191,49287173,5560244,3607472,28,8,116,3128,55,5580,545,47925,69928,19426,833599,360114,76219466,6288816,3784925,34345.0,1520461.0,127556681.0,59849653.0
2008-01-01,224437,51215,2930164,1314053,1925948,1060162,258452,52727266,6084920,5411705,26,8,128,2929,64,6461,542,54577,66198,22581,1062873,351598,74228232,7290164,5445789,38260.0,1699919.0,158194382.0,70729484.0
2009-01-01,225758,88066,3580959,1463691,2616276,902978,1002529,35887140,6461699,7784990,21,14,164,2993,74,5498,440,56878,70403,25945,997762,981914,54894874,7835981,7816761,,1973959.0,195670299.0,90793354.0
2010-01-01,221346,130762,5313476,1730712,3267689,935626,1958772,42854862,7742325,8306874,25,18,149,2920,97,5908,721,61161,73193,28385,1007000,1664119,86013223,9600892,8539052,,2327218.0,253813902.0,112252858.0
2011-01-01,256549,647971,6655640,2176253,4293999,1026858,10982952,62128632,9490046,10624831,21,23,162,3034,109,5493,1965,75151,80412,34808,1077767,12413834,115480020,11638516,10923158,,2517584.0,273652997.0,128785503.0
2012-01-01,292970,1146009,7573448,2465382,5540688,1135935,20337490,77848255,10500510,13218555,19,33,163,3047,116,5493,2895,85081,81105,39219,1178040,19108138,97244164,13092002,13567281,,2706625.0,324155240.0,153306354.0
2013-01-01,333341,1320703,8686370,2854966,6665440,1305549,24363491,104311456,11692767,17396811,19,29,165,3531,119,5778,3196,83316,89664,36989,1366800,24125871,123063769,14653542,15552476,,2773953.0,348902350.0,162389640.0
2014-01-01,402616,1375829,9017212,3056401,7175492,1637781,30238595,78478398,12388526,18958435,19,32,167,3392,123,5756,3342,82261,87757,40835,1654024,26521481,86857349,14946517,17007690,,2687539.0,377378599.0,172395775.0
2015-01-01,409588,1466680,6758581,3179671,7410035,1407766,43657149,143867787,12747372,22698205,14,32,143,3410,126,4749,3010,78750,82852,35405,1444414,25327985,83340823,14584547,18991014,,2259077.0,327768616.0,158848023.0
2016-01-01,379588,1678062,7454427,3186647,5762115,1236245,31875861,80577839,13586747,18271671,12,32,129,3219,120,4208,2945,74746,75434,27295,1211905,33949699,98683638,14684386,13954082,,1824642.0,281583433.0,136530748.0
2017-01-01,350155,1613777,6919221,3181053,5184698,1110239,41168488,77669048,12640777,14784281,10,32,146,3106,129,3952,2890,76942,72335,25445,1126147,39430035,103280317,13724851,16665361,,1706295.0,249804626.0,123326593.0
2018-01-01,348488,1532467,8462906,3006089,5234408,1222838,62431151,108375437,12430503,13843407,13,33,171,3040,132,3670,3177,82119,69499,22795,1189179,64389185,132671249,14468231,13157985,,1705985.0,265888325.0,119295359.0
2019-01-01,332176,1708277,8596960,3153470,5218495,1371201,76715974,172215172,13308314,14496728,13,39,176,2944,145,3534,3597,86628,67325,24457,1355511,70015818,155409375,15372782,13063868,,1707861.0,274490661.0,124074857.0
2020-01-01,332555,2229457,10641328,3341348,5579921,1337004,87708746,205259234,15459685,18300268,14,46,162,2924,147,3451,4294,91495,70927,23650,1374358,68515426,248586383,18765120,16108494,,1801535.0,305917788.0,138326540.0
2021-01-01,358222,2686740,11478358,3896101,6318389,1724456,102762275,206840427,19606839,21839536,15,46,172,3202,158,3586,5370,94494,75581,27021,1856104,121555214,362582065,24234016,19895574,,1965140.0,361834953.0,163381334.0
2022-01-01,441195,3977048,13054369,4644029,7701367,2099253,146343210,166562305,24846871,27674218,16,55,189,3267,145,3719,7448,96059,79327,33012,2154810,198979305,287271813,33156369,26501334,,2089197.0,424300960.0,179047570.0
2023-01-01,451548,5024134,15357257,5105401,10122399,1943734,166667830,239734164,26958144,34966418,18,59,216,3326,164,3537,9365,103477,80103,38634,2077902,212201061,283708826,35867477,36876697,,2155694.0,464187091.0,194380580.0
