date,pib__Série encadeada do índice de volume trimestral (Base: média 1995 = 100) - PIB a preços de mercado,pib_setorial_variacao__Taxa acumulada ao longo do ano (em relação ao mesmo período do ano anterior) - Construção,pib_setorial_variacao__Taxa acumulada ao longo do ano (em relação ao mesmo período do ano anterior) - Indústria - total,pib_setorial_variacao__Taxa acumulada ao longo do ano (em relação ao mesmo período do ano anterior) - Indústrias de transformação,pib_setorial_variacao__Taxa acumulada ao longo do ano (em relação ao mesmo período do ano anterior) - Indústrias extrativas,pib_setorial_variacao__Taxa acumulada ao longo do ano (em relação ao mesmo período do ano anterior) - PIB a preços de mercado,pib_setorial_variacao__Taxa acumulada em quatro trimestres (em relação ao mesmo período do ano anterior) - Construção,pib_setorial_variacao__Taxa acumulada em quatro trimestres (em relação ao mesmo período do ano anterior) - Indústria - total,pib_setorial_variacao__Taxa acumulada em quatro trimestres (em relação ao mesmo período do ano anterior) - Indústrias de transformação,pib_setorial_variacao__Taxa acumulada em quatro trimestres (em relação ao mesmo período do ano anterior) - Indústrias extrativas,pib_setorial_variacao__Taxa acumulada em quatro trimestres (em relação ao mesmo período do ano anterior) - PIB a preços de mercado,pib_setorial_variacao__Taxa trimestral (em relação ao mesmo período do ano anterior) - Construção,pib_setorial_variacao__Taxa trimestral (em relação ao mesmo período do ano anterior) - Indústria - total,pib_setorial_variacao__Taxa trimestral (em relação ao mesmo período do ano anterior) - Indústrias de transformação,pib_setorial_variacao__Taxa trimestral (em relação ao mesmo período do ano anterior) - Indústrias extrativas,pib_setorial_variacao__Taxa trimestral (em relação ao mesmo período do ano anterior) - PIB a preços de mercado,pib_setorial_variacao__Taxa trimestre contra trimestre imediatamente anterior - Construção,pib_setorial_variacao__Taxa trimestre contra trimestre imediatamente anterior - Indústria - total,pib_setorial_variacao__Taxa trimestre contra trimestre imediatamente anterior - Indústrias de transformação,pib_setorial_variacao__Taxa trimestre contra trimestre imediatamente anterior - Indústrias extrativas,pib_setorial_variacao__Taxa trimestre contra trimestre imediatamente anterior - PIB a preços de mercado,pib_setorial_corrente__Valores a preços correntes - Construção,pib_setorial_corrente__Valores a preços correntes - Impostos líquidos sobre produtos,pib_setorial_corrente__Valores a preços correntes - Indústria - total,pib_setorial_corrente__Valores a preços correntes - Indústrias de transformação,pib_setorial_corrente__Valores a preços correntes - Indústrias extrativas,pib_setorial_corrente__Valores a preços correntes - PIB a preços de mercado,pib_setorial_corrente__Valores a preços correntes - Valor adicionado a preços básicos,pib_setorial_encadeado__Valores encadeados a preços de 1995 - Construção,pib_setorial_encadeado__Valores encadeados a preços de 1995 - Indústria - total,pib_setorial_encadeado__Valores encadeados a preços de 1995 - Indústrias de transformação,pib_setorial_encadeado__Valores encadeados a preços de 1995 - Indústrias extrativas,pib_setorial_encadeado__Valores encadeados a preços de 1995 - PIB a preços de mercado,contas_economicas__(+) Cessão de ativos não financeiros não produzidos (aquisições líquidas),contas_economicas__(+) Outras transferências correntes (líquidas recebidas do exterior),contas_economicas__(+) Rendas de propriedade (líquidas recebidas do exterior),contas_economicas__(+) Salários (líquidos recebidos do exterior),contas_economicas__(+) Transferências de capital (líquidas recebidas do exterior),contas_economicas__(-) Despesa de consumo final,contas_economicas__(-) Formação bruta de capital,contas_economicas__(=) Capacidade / necessidade líquida de financiamento,contas_economicas__(=) Poupança bruta,contas_economicas__(=) Renda nacional bruta,contas_economicas__(=) Renda nacional disponível bruta,contas_economicas__Produto Interno Bruto
1996-01-01,96.84,-6.7,-6.0,-7.6,2.2,-0.6,-6.2,-0.6,1.3,2.3,2.5,-6.7,-6.0,-7.6,2.2,-0.6,,,,,,11972,24960,41474,23306,1763,189323,164363,10525.13,38456.73,22989.13,1106.98,170920.0,,,,,,,,,,,,
1996-04-01,100.12,-3.3,-4.5,-6.5,4.4,0.4,-4.4,-2.3,-2.6,6.5,2.1,0.1,-3.0,-5.5,6.8,1.3,-1.0,-3.4,-5.1,-0.1,1.2,13587,26378,45839,26780,1369,204611,178232,10872.62,40401.9,24655.24,1102.1,176708.75,,,,,,,,,,,,
1996-07-01,107.56,0.9,0.8,0.3,3.5,2.2,-0.5,0.5,0.3,5.4,2.3,9.7,11.3,13.7,1.6,5.6,0.8,8.8,15.4,-4.8,3.7,14767,27349,49011,28772,1324,221513,194164,11555.11,46061.39,29570.69,1119.05,189844.26,,,,,,,,,,,,
1996-10-01,104.31,2.2,1.0,0.1,2.4,2.2,2.2,1.0,0.1,2.4,2.2,6.5,1.5,-0.6,-0.3,2.3,-0.1,-6.1,-9.6,4.5,-1.0,15104,28778,54631,32835,1457,239316,210538,11054.1,41759.92,25534.56,1190.73,184112.94,,,,,,,,,,,,
1997-01-01,100.13,3.2,3.3,2.7,-0.9,3.4,4.8,3.3,2.6,1.7,3.2,3.2,3.3,2.7,-0.9,3.4,3.5,5.3,3.5,0.9,1.1,14443,26992,49072,28430,1493,219117,192125,10859.41,39718.82,23619.05,1096.77,176732.25,,,,,,,,,,,,
1997-04-01,104.88,5.0,5.7,6.1,1.4,4.1,6.5,6.1,6.4,1.0,4.0,6.8,8.0,9.2,3.6,4.8,2.5,-0.5,1.3,2.0,0.5,15850,28600,55636,33389,1447,232890,204289,11614.17,43647.68,26918.19,1142.22,185109.48,,,,,,,,,,,,
1997-07-01,109.49,6.4,3.7,2.0,4.7,3.3,6.4,3.1,1.3,3.4,3.0,8.9,0.2,-4.6,11.2,1.8,2.9,2.0,0.5,3.4,1.3,17160,29556,57089,33163,1425,246178,216623,12589.11,46159.96,28202.18,1244.42,193244.9,,,,,,,,,,,,
1997-10-01,108.21,7.6,4.4,2.5,5.0,3.4,7.6,4.4,2.5,5.0,3.4,11.2,6.4,4.1,5.9,3.7,1.8,-0.4,-1.3,-0.5,0.8,17235,30198,53320,28967,1656,253904,223706,12291.25,44445.73,26572.17,1261.3,190996.04,,,,,,,,,,,,
1998-01-01,101.14,6.2,0.1,-4.2,7.7,1.0,8.3,3.6,0.9,7.1,2.8,6.2,0.1,-4.2,7.7,1.0,-1.3,-2.1,-4.2,1.2,-2.0,16730,29259,52455,28092,1383,235701,206441,11530.07,39744.85,22615.58,1181.11,178512.96,,,,,,,,,,,,
1998-04-01,106.46,5.5,-0.1,-3.9,6.3,1.3,7.8,1.6,-2.2,7.4,2.0,4.8,-0.3,-3.5,5.0,1.5,1.2,1.1,1.6,2.4,1.7,17952,30797,58383,33171,1122,251936,221139,12173.07,43524.84,25971.84,1199.15,187904.0,,,,,,,,,,,,
1998-07-01,109.88,3.5,-1.0,-4.2,4.7,0.9,5.4,0.8,-2.2,5.0,1.6,0.0,-2.7,-4.8,1.8,0.4,-1.5,-1.2,-1.0,-1.3,0.0,17973,30027,58112,32582,1354,258043,228016,12591.56,44909.8,26836.13,1266.67,193932.08,,,,,,,,,,,,
1998-10-01,106.66,1.6,-2.1,-4.8,3.6,0.3,1.6,-2.1,-4.8,3.6,0.3,-3.9,-5.2,-6.7,0.6,-1.4,-2.4,-3.1,-3.6,-1.6,-1.1,17052,30324,52759,27992,1632,256671,226347,11815.16,42156.67,24789.75,1269.37,188256.13,,,,,,,,,,,,
1999-01-01,101.92,-5.7,-4.2,-4.2,-1.1,0.8,-1.2,-3.1,-4.8,1.5,0.3,-5.7,-4.2,-4.2,-1.1,0.8,-3.3,-0.9,-0.8,-0.6,0.2,15919,33988,51004,26995,1560,250668,216680,10867.88,38061.32,21655.49,1167.8,179883.35,,,,,,,,,,,,
1999-04-01,106.04,-6.2,-4.3,-4.2,-4.3,0.2,-4.0,-4.1,-5.0,-1.5,-0.2,-6.6,-4.4,-4.1,-7.5,-0.4,0.5,0.8,1.4,-4.1,0.5,16952,35661,62478,37291,1562,268709,233048,11368.52,41602.14,24910.75,1109.35,187150.99,,,,,,,,,,,,
1999-07-01,109.2,-5.9,-4.0,-3.8,-4.9,-0.1,-5.4,-4.3,-4.5,-3.5,-0.4,-5.4,-3.5,-3.1,-6.1,-0.6,0.1,-0.2,-0.1,0.2,0.0,16958,36910,61145,34583,2243,274126,237216,11915.77,43331.4,26010.08,1189.51,192737.0,,,,,,,,,,,,
1999-10-01,108.97,-4.9,-2.6,-1.9,-4.4,0.5,-4.9,-2.6,-1.9,-4.4,0.5,-1.8,1.8,4.0,-2.7,2.2,0.8,1.9,3.1,2.0,1.4,17072,39234,61915,35012,2601,294208,254974,11606.17,42899.08,25770.41,1235.17,192336.83,,,,,,,,,,,,
2000-01-01,106.4,1.1,4.6,6.6,-0.6,4.4,-3.3,-0.6,0.5,-4.3,1.3,1.1,4.6,6.6,-0.6,4.4,-0.6,1.5,1.4,1.5,1.1,16949,38150,62386,35034,2956,276927,238777,10991.69,39804.13,23077.07,1160.42,187799.48,6.0,608.0,-5786.0,46.0,0.0,225242.0,56390.0,-9831.0,46553.0,271187.0,271795.0,276927.0
2000-04-01,110.25,1.1,4.2,5.9,2.8,4.2,-1.4,1.5,3.0,-1.0,2.4,1.1,3.9,5.3,6.4,4.0,1.1,0.9,1.2,2.6,1.4,18484,40225,70463,41600,2843,292789,252563,11497.41,43238.9,26232.01,1180.81,194596.62,60.0,687.0,-11962.0,35.0,0.0,242691.0,54842.0,-15924.0,38858.0,280861.0,281549.0,292789.0
2000-07-01,114.19,1.4,4.3,5.8,5.8,4.3,0.6,3.7,5.3,3.5,3.8,1.8,4.4,5.7,11.4,4.6,1.0,0.5,0.2,4.8,1.2,18470,43715,71089,40582,3661,308896,265181,12134.74,45257.21,27488.4,1325.14,201534.66,103.0,647.0,-5888.0,23.0,0.0,254600.0,60684.0,-11502.0,49078.0,303031.0,303678.0,308896.0
2000-10-01,113.98,1.4,4.4,5.7,9.1,4.4,1.4,4.4,5.7,9.1,4.4,1.5,4.7,5.3,18.4,4.6,-0.3,1.6,2.2,8.7,1.2,17877,45675,71932,40281,4767,320481,274805,11776.57,44912.66,27144.76,1462.75,201179.53,65.0,809.0,-11041.0,41.0,0.0,277037.0,54750.0,-21433.0,33252.0,309480.0,310289.0,320481.0
2001-01-01,110.1,3.5,4.1,4.8,8.9,3.5,2.0,4.3,5.3,11.5,4.2,3.5,4.1,4.8,8.9,3.5,1.4,0.7,0.8,-6.5,0.3,17865,47018,74965,42555,3806,312470,265452,11378.16,41440.69,24187.99,1264.19,194325.69,24.0,775.0,-8479.0,64.0,0.0,258559.0,63236.0,-16941.0,46271.0,304055.0,304830.0,312470.0
2001-04-01,112.82,1.6,2.2,2.7,8.8,2.9,1.6,3.4,4.1,11.9,3.7,-0.2,0.4,0.7,8.6,2.3,-1.8,-2.0,-1.9,1.6,-0.5,17687,49521,73981,42455,4163,323724,274203,11472.13,43424.33,26428.18,1282.46,199123.05,149.0,880.0,-11688.0,69.0,0.0,268971.0,62493.0,-18331.0,44013.0,312104.0,312984.0,323724.0
2001-07-01,114.71,-0.6,0.5,1.6,7.5,2.1,-0.1,1.5,2.6,10.2,2.7,-4.8,-2.6,-0.2,5.1,0.5,-3.9,-3.1,-1.6,1.7,-0.5,17592,49308,75782,43904,5453,332524,283216,11556.29,44071.4,27445.65,1392.99,202464.13,40.0,1023.0,-8813.0,60.0,0.0,271473.0,66873.0,-13512.0,53321.0,323771.0,324794.0,332524.0
2001-10-01,113.38,-1.6,-0.6,0.7,5.4,1.4,-1.6,-0.6,0.7,5.4,1.4,-4.6,-3.9,-1.9,0.3,-0.5,-0.6,0.0,0.3,3.9,-0.3,17038,49487,73153,43312,4755,347038,297551,11230.83,43163.76,26621.94,1466.54,200109.66,34.0,1144.0,-13959.0,27.0,0.0,299007.0,53996.0,-18720.0,35242.0,333106.0,334249.0,347038.0
2002-01-01,110.63,-2.5,-2.3,-2.3,13.9,0.5,-3.1,-2.1,-0.9,6.7,0.7,-2.5,-2.3,-2.3,13.9,0.5,3.9,4.1,1.3,7.8,2.5,19263,50916,73585,39380,3308,342297,291380,11097.5,40476.86,23631.49,1439.76,195252.46,21.0,871.0,-7713.0,10.0,0.0,281610.0,64610.0,-10734.0,53855.0,334594.0,335465.0,342297.0
2002-04-01,115.41,0.2,0.0,-0.8,17.4,1.4,-2.3,-1.7,-0.9,9.6,0.7,2.8,2.3,0.7,20.8,2.3,4.2,0.9,1.1,4.1,0.2,20670,53190,84313,48348,4042,367363,314173,11794.79,44430.15,26603.09,1549.01,203699.3,92.0,1380.0,-13483.0,52.0,0.0,297315.0,73396.0,-15307.0,57998.0,353932.0,355313.0,367363.0
2002-07-01,119.5,2.5,2.0,0.5,16.8,2.3,0.7,0.5,-0.1,12.3,1.6,7.1,5.7,2.9,15.8,4.2,-0.3,0.8,0.1,-0.8,1.4,21206,55008,85894,46476,7651,379795,324786,12379.59,46604.89,28248.91,1613.39,210916.41,70.0,2186.0,-10809.0,117.0,0.0,302406.0,67677.0,1276.0,68882.0,369103.0,371289.0,379795.0
2002-10-01,119.24,4.8,3.8,2.1,15.2,3.1,4.8,3.8,2.1,15.2,3.1,11.8,9.2,6.6,11.0,5.2,3.2,3.0,3.9,0.1,1.0,20840,59459,91116,49765,10739,399333,339875,12553.76,47133.62,28391.3,1627.58,210460.59,42.0,2827.0,-18269.0,149.0,0.0,335129.0,54097.0,-5145.0,48911.0,381212.0,384039.0,399333.0
2003-01-01,113.58,-0.8,0.1,-2.6,2.9,2.7,5.3,4.4,2.0,12.3,3.6,-0.8,0.1,-2.6,2.9,2.7,-7.5,-5.2,-6.9,-1.5,-0.4,16489,60501,88506,52680,8577,397242,336741,11011.77,40504.89,23012.35,1481.07,200459.9,11.0,2148.0,-11782.0,87.0,0.0,327618.0,64609.0,-4521.0,60078.0,385547.0,387695.0,397242.0
2003-04-01,116.31,-6.7,-1.0,-0.1,0.3,1.7,1.3,3.3,2.4,6.7,3.2,-12.3,-2.0,2.1,-2.0,0.8,-7.5,0.7,5.8,1.0,-0.8,15699,61311,96082,63615,5375,418987,357676,10342.31,43545.37,27156.65,1517.63,205290.68,88.0,1826.0,-15562.0,70.0,0.0,338849.0,70451.0,-3890.0,66472.0,403495.0,405321.0,418987.0
2003-07-01,120.25,-8.6,0.0,2.7,1.1,1.3,-3.7,2.3,3.7,3.5,2.3,-12.0,1.9,7.7,2.5,0.6,-0.5,3.5,5.5,3.0,0.9,17352,61202,105419,67082,8137,439350,378148,10891.18,47493.28,30424.95,1654.14,212237.13,70.0,2569.0,-9948.0,118.0,0.0,349998.0,76989.0,5172.0,82091.0,429520.0,432089.0,439350.0
2003-10-01,119.94,-8.9,0.1,2.7,4.6,1.1,-8.9,0.1,2.7,4.6,1.1,-10.0,0.3,2.6,14.4,0.6,5.5,1.2,-1.6,12.1,1.0,18339,64220,106561,64879,10235,462372,398152,11303.23,47287.09,29123.04,1862.39,211699.59,74.0,2206.0,-17559.0,57.0,0.0,373738.0,77540.0,-4128.0,73339.0,444870.0,447076.0,462372.0
2004-01-01,117.98,0.7,7.4,14.2,2.2,3.9,-8.6,1.8,6.3,4.4,1.4,0.7,7.4,14.2,2.2,3.9,3.9,1.7,3.0,-12.3,1.4,18630,64885,102779,62957,7079,444783,379899,11092.77,43492.96,26278.48,1514.18,208233.9,32.0,2137.0,-13060.0,177.0,34.0,350747.0,82393.0,964.0,83291.0,431901.0,434038.0,444783.0
2004-04-01,123.65,6.8,8.2,10.8,3.1,5.1,-2.8,4.4,7.8,5.9,2.8,13.2,8.9,7.9,4.0,6.3,4.0,2.3,1.0,2.1,2.8,19787,71613,117825,73483,10334,481795,410181,11711.97,47425.77,29302.07,1578.33,218240.94,94.0,2578.0,-17073.0,127.0,18.0,369593.0,92771.0,5176.0,97835.0,464850.0,467428.0,481795.0
2004-07-01,128.14,11.0,8.4,9.1,2.6,5.6,5.1,6.3,7.4,5.7,4.3,19.2,8.8,6.3,1.7,6.6,4.5,3.6,4.1,1.4,1.3,22097,78751,127076,78353,12357,505252,426501,12985.74,51687.52,32347.75,1683.05,226157.35,95.0,2302.0,-12011.0,93.0,-1071.0,392242.0,92015.0,10404.0,103394.0,493335.0,495637.0,505252.0
2004-10-01,127.39,10.7,8.2,9.1,-0.5,5.8,10.7,8.2,9.1,-0.5,5.8,10.0,7.7,9.0,-8.2,6.2,-2.7,-0.2,0.6,1.6,0.8,21543,80519,128183,80817,11057,525920,445401,12437.27,50915.13,31754.08,1709.1,224844.8,125.0,2449.0,-16224.0,130.0,18.0,427661.0,83505.0,1253.0,84614.0,509827.0,512276.0,525920.0
2005-01-01,122.92,2.2,4.2,4.5,1.9,4.2,11.1,7.4,7.0,-0.5,5.8,2.2,4.2,4.5,1.9,4.2,-3.2,-1.0,-1.5,-1.9,0.9,19376,77272,119602,73206,11468,499710,422438,11331.94,45320.65,27465.0,1543.37,216947.08,49.0,2226.0,-14252.0,221.0,36.0,398106.0,86167.0,3716.0,89798.0,485679.0,487904.0,499710.0
2005-04-01,129.18,1.5,4.7,5.4,6.9,4.3,7.9,6.5,6.5,1.4,5.4,0.8,5.2,6.1,11.8,4.5,2.4,2.0,3.0,8.7,1.1,20891,79887,133729,82986,14012,535557,455670,11807.65,49907.33,31094.1,1764.04,228007.17,84.0,2081.0,-18157.0,123.0,232.0,417687.0,100078.0,2157.0,101919.0,517524.0,519605.0,535557.0
2005-07-01,130.85,-1.6,2.6,3.0,6.9,3.6,1.2,3.9,4.5,2.6,4.2,-7.0,-1.1,-1.0,6.7,2.1,-3.9,-2.1,-3.0,-1.4,-0.6,22006,82363,135196,82048,15739,552859,470496,12075.93,51114.61,32017.39,1796.61,230940.53,125.0,2133.0,-14076.0,87.0,69.0,432381.0,98516.0,10300.0,108622.0,538870.0,541003.0,552859.0
2005-10-01,130.13,-2.1,2.0,2.2,6.8,3.2,-2.1,2.0,2.2,6.8,3.2,-3.5,0.2,0.1,6.6,2.2,1.3,1.3,1.5,1.9,1.3,22298,88244,136160,81667,16805,582458,494213,11999.65,51038.36,31790.02,1822.05,229680.21,66.0,2146.0,-16791.0,101.0,-196.0,475145.0,88685.0,3953.0,92768.0,565767.0,567913.0,582458.0
2006-01-01,128.18,0.5,3.3,2.5,13.7,4.3,-2.5,1.8,1.8,9.6,3.2,0.5,3.3,2.5,13.7,4.3,1.1,1.1,0.9,2.6,1.6,20721,84984,128090,73623,17529,554270,469287,11386.49,46819.53,28154.2,1754.68,226230.46,33.0,2059.0,-15576.0,139.0,6.0,445993.0,95016.0,-78.0,94899.0,538833.0,540892.0,554270.0
2006-04-01,132.13,-1.5,0.6,-0.4,7.1,3.3,-3.5,0.1,-0.4,6.9,2.7,-3.5,-1.9,-2.9,1.4,2.3,-2.3,-1.3,-2.1,-0.7,0.3,21262,85843,139270,84941,16719,581977,496134,11399.46,48980.57,30184.37,1788.54,233213.26,92.0,2381.0,-16985.0,73.0,17.0,461546.0,107401.0,-1392.0,105900.0,565065.0,567446.0,581977.0
2006-07-01,136.72,-0.5,1.3,0.3,6.5,3.7,-1.3,1.0,0.3,6.5,3.3,1.6,2.5,1.7,5.3,4.5,1.3,1.6,1.7,1.6,1.7,23380,89958,149671,89553,20059,617848,527890,12268.63,52414.73,32549.47,1892.05,241316.2,81.0,2541.0,-12125.0,115.0,-2.0,480609.0,115188.0,12660.0,127769.0,605838.0,608378.0,617848.0
2006-10-01,136.37,0.3,2.0,1.2,6.5,4.0,0.3,2.0,1.2,6.5,4.0,2.4,4.1,3.8,6.6,4.8,2.3,2.9,3.4,3.7,1.2,23739,99376,150251,91831,17706,655355,555979,12284.86,53126.48,32987.99,1942.7,240693.87,46.0,2346.0,-15997.0,63.0,119.0,526800.0,111674.0,3457.0,114966.0,639420.0,641767.0,655355.0
2007-01-01,134.84,5.8,4.1,3.1,4.7,5.2,1.5,2.2,1.4,4.5,4.2,5.8,4.1,3.1,4.7,5.2,4.9,0.6,-0.3,-0.2,1.9,23803,92562,141044,84400,15539,631423,538861,12049.44,48753.56,29024.51,1837.5,237982.43,46.0,1989.0,-14561.0,234.0,0.0,499488.0,122844.0,-3200.0,119598.0,617097.0,619086.0,631423.0
2007-04-01,140.77,9.0,6.5,5.9,5.4,5.9,5.4,4.9,4.2,5.7,5.3,12.2,8.7,8.5,6.1,6.5,2.8,3.4,3.6,0.6,1.7,25939,96590,155432,95964,15624,670655,574065,12795.85,53265.91,32752.1,1897.3,248459.01,234.0,1914.0,-14944.0,242.0,0.0,524406.0,134184.0,-490.0,133460.0,655953.0,657866.0,670655.0
2007-07-01,144.75,9.5,6.7,6.5,4.2,5.9,7.7,6.0,5.8,4.8,5.6,10.4,7.0,7.5,1.8,5.9,0.0,0.3,1.2,-2.1,1.0,28016,102322,166712,104394,17138,691846,589524,13548.62,56058.85,35002.74,1926.25,255482.07,66.0,1910.0,-13645.0,199.0,0.0,535485.0,146466.0,-1576.0,144824.0,678400.0,680310.0,691846.0
2007-10-01,145.43,9.2,6.2,6.1,2.9,6.1,9.2,6.2,6.1,2.9,6.1,8.3,5.0,5.2,-0.6,6.6,0.4,0.8,0.9,1.4,1.5,28112,109261,165884,100275,20286,726339,617078,13299.34,55759.57,34704.29,1930.17,256675.3,129.0,1876.0,-15505.0,198.0,0.0,584675.0,135644.0,-7281.0,128233.0,711033.0,712909.0,726339.0
2008-01-01,143.14,5.0,7.1,9.5,3.9,6.2,8.9,6.9,7.6,2.7,6.3,5.0,7.1,9.5,3.9,6.2,2.2,2.8,2.6,5.2,1.3,25875,112393,151286,90223,18051,712055,599663,12651.53,52235.95,31782.33,1908.58,252635.97,21.0,1668.0,-19907.0,203.0,12.0,562147.0,155876.0,-23970.0,131873.0,692351.0,694020.0,712055.0
2008-04-01,149.69,4.4,6.1,7.9,4.5,6.2,6.8,6.0,7.1,2.5,6.3,3.8,5.2,6.5,5.1,6.3,0.6,0.5,1.6,-1.1,2.0,27854,118037,176613,109762,21447,769525,651488,13282.7,56055.53,34865.63,1994.8,264201.68,137.0,1445.0,-18961.0,234.0,-66.0,596255.0,173638.0,-17579.0,155988.0,750798.0,752243.0,769525.0
2008-07-01,154.86,5.4,6.4,7.5,5.6,6.5,6.1,6.0,6.9,4.0,6.5,7.2,6.8,6.9,7.6,7.0,4.0,2.8,1.8,2.1,1.6,30725,124860,204856,126929,30534,812603,687743,14527.43,59852.9,37408.43,2073.39,273316.79,96.0,1596.0,-19177.0,124.0,1.0,625273.0,186191.0,-16221.0,169873.0,793550.0,795146.0,812603.0
2008-10-01,146.92,4.9,4.1,4.1,4.1,5.1,4.9,4.1,4.1,4.1,5.1,3.5,-2.3,-5.2,-0.2,1.0,-3.2,-7.9,-10.6,-5.9,-3.8,30348,128036,185152,107064,30256,815620,687584,13768.3,54460.03,32883.23,1926.74,259314.94,76.0,3030.0,-19250.0,480.0,-11.0,659703.0,156615.0,-16374.0,140177.0,796850.0,799879.0,815620.0
2009-01-01,139.67,-0.6,-10.8,-16.2,-5.6,-2.4,3.6,-0.2,-1.8,1.7,3.0,-0.6,-10.8,-16.2,-5.6,-2.4,-1.7,-6.3,-8.4,-2.0,-1.4,30846,109021,152809,87133,17837,756127,647106,12576.26,46596.59,26622.03,1801.33,246506.89,32.0,1923.0,-16704.0,408.0,29.0,624785.0,137695.0,-20665.0,116969.0,739831.0,741754.0,756127.0
2009-04-01,146.39,2.2,-9.3,-14.8,-5.1,-2.3,3.8,-3.5,-6.8,-0.7,0.8,4.8,-8.0,-13.5,-4.6,-2.2,5.6,4.6,4.0,2.7,1.8,36320,113854,173009,106722,11596,803577,689724,13925.36,51588.38,30155.83,1903.45,258381.35,156.0,1595.0,-19400.0,324.0,-3.0,655105.0,143477.0,-12333.0,130991.0,784501.0,786096.0,803577.0
2009-07-01,153.06,3.9,-8.1,-13.2,-4.6,-1.9,3.8,-6.6,-11.2,-3.5,-1.2,7.1,-5.8,-10.5,-3.6,-1.2,6.5,4.0,4.3,2.0,2.3,42573,121456,192928,116573,14240,852843,731387,15551.89,56406.96,33492.9,1999.45,270139.07,54.0,1654.0,-17623.0,245.0,2.0,691877.0,163923.0,-18625.0,145243.0,835465.0,837120.0,852843.0
2009-10-01,154.75,7.0,-4.7,-9.3,-2.1,-0.1,7.0,-4.7,-9.3,-2.1,-0.1,16.1,5.7,3.3,5.4,5.3,5.0,4.1,4.6,2.6,2.6,44885,138945,210476,124849,19032,920492,781546,15984.04,57544.99,33982.82,2031.68,273121.71,110.0,1234.0,-21242.0,241.0,72.0,748230.0,181387.0,-28711.0,152494.0,899490.0,900724.0,920492.0
2010-01-01,152.53,19.6,15.3,15.9,15.4,9.2,11.7,1.1,-2.5,2.8,2.6,19.6,15.3,15.9,15.4,9.2,1.1,1.0,0.7,7.6,2.1,44725,133337,192711,107286,20679,886397,753060,15035.65,53729.69,30860.29,2078.52,269207.94,152.0,1276.0,-29709.0,236.0,-13.0,710117.0,190753.0,-42530.0,148084.0,856925.0,858201.0,886397.0
2010-04-01,158.86,18.7,14.1,13.9,15.5,8.9,15.0,6.3,4.0,7.9,5.3,18.0,13.0,12.1,15.6,8.5,4.0,3.2,1.9,2.8,1.3,51397,142130,221147,122207,26878,944145,802015,16432.21,58291.93,33797.27,2201.17,280389.6,55.0,1317.0,-30593.0,243.0,6.0,741370.0,208662.0,-34860.0,173742.0,913795.0,915112.0,944145.0
2010-07-01,163.63,15.3,12.0,11.4,15.1,8.2,15.5,10.3,9.2,12.7,7.5,9.3,8.3,7.1,14.4,6.9,-0.8,0.0,0.0,1.0,0.9,54980,148006,245530,132753,31516,997935,849929,17003.77,61098.77,35880.93,2288.26,288798.01,181.0,1071.0,-31553.0,192.0,26.0,776672.0,233885.0,-42706.0,190972.0,966574.0,967645.0,997935.0
2010-10-01,163.55,13.1,10.2,9.2,14.9,7.5,13.1,10.2,9.2,14.9,7.5,7.4,5.4,3.4,14.2,5.7,3.3,1.5,1.4,1.9,1.4,55824,159534,244769,132105,30892,1057370,897836,17169.42,60661.01,35134.05,2319.67,288660.51,15.0,1021.0,-29059.0,208.0,6.0,850973.0,213866.0,-35279.0,178566.0,1028519.0,1029540.0,1057370.0
2011-01-01,160.45,8.6,5.7,4.9,4.3,5.2,10.6,8.0,6.8,12.0,6.6,8.6,5.7,4.9,4.3,5.2,1.5,0.4,1.0,-1.3,1.3,52706,155337,228636,119608,32700,1016531,861194,16330.87,56818.83,32375.37,2167.51,283193.6,105.0,1348.0,-26555.0,219.0,19.0,801371.0,227789.0,-37493.0,190172.0,990195.0,991543.0,1016531.0
2011-04-01,166.33,7.9,5.4,4.6,3.9,4.9,8.2,6.1,4.9,9.0,5.6,7.3,5.1,4.4,3.6,4.7,3.1,3.1,2.0,2.3,1.0,57420,160490,250398,129068,39582,1086712,926222,17636.58,61277.71,35279.41,2279.91,293569.31,24.0,959.0,-26310.0,225.0,27.0,847669.0,245002.0,-31034.0,213918.0,1060627.0,1061586.0,1086712.0
2011-07-01,169.41,8.5,4.9,3.6,3.5,4.5,8.2,5.0,3.6,6.0,4.8,9.4,4.0,1.8,2.7,3.5,1.5,-1.1,-2.6,0.0,-0.2,61174,166521,263385,134761,42123,1112334,945813,18600.57,63520.13,36543.88,2351.13,299013.79,201.0,1029.0,-30279.0,268.0,-19.0,867639.0,249188.0,-33292.0,215713.0,1082323.0,1083353.0,1112334.0
2011-10-01,167.75,8.2,4.1,2.2,3.5,4.0,8.2,4.1,2.2,3.5,4.0,7.7,1.9,-1.7,3.4,2.6,1.6,-0.3,-1.6,2.0,0.9,62243,173573,268615,132267,48162,1160805,987232,18486.68,61783.24,34522.69,2397.48,296073.32,67.0,1116.0,-30264.0,236.0,1.0,938173.0,233222.0,-39434.0,193720.0,1130777.0,1131892.0,1160805.0
2012-01-01,163.19,8.7,2.4,-1.6,3.0,1.7,8.3,3.3,0.7,3.2,3.1,8.7,2.4,-1.6,3.0,1.7,1.4,0.3,0.6,-1.0,-1.4,61617,167465,248133,118697,42077,1129474,962010,17753.36,58175.43,31868.19,2233.46,288028.3,49.0,1051.0,-27537.0,208.0,2.0,889241.0,258238.0,-44233.0,213954.0,1102145.0,1103195.0,1129474.0
2012-04-01,167.97,5.1,-0.5,-3.8,0.2,1.3,6.8,1.2,-1.8,1.7,2.2,1.8,-3.2,-5.9,-2.4,1.0,-2.6,-2.1,-2.3,-3.2,1.8,64284,174753,263934,126118,48821,1183126,1008373,17962.48,59324.46,33185.08,2224.65,296465.31,68.0,1328.0,-27203.0,309.0,16.0,933635.0,263918.0,-39910.0,223924.0,1156231.0,1157559.0,1183126.0
2012-07-01,173.63,4.3,-0.5,-3.0,-1.1,1.7,5.2,0.1,-2.6,0.0,1.9,2.9,-0.5,-1.3,-3.7,2.5,3.0,1.5,1.9,-1.6,1.7,70045,188233,280234,136395,48238,1230449,1042216,19135.7,63227.56,36068.1,2265.29,306445.54,197.0,1194.0,-31173.0,240.0,18.0,969104.0,270856.0,-39034.0,231607.0,1199517.0,1200711.0,1230449.0
2012-10-01,171.91,3.2,-0.7,-2.4,-1.9,1.9,3.2,-0.7,-2.4,-1.9,1.9,-0.1,-1.4,-0.6,-4.3,2.5,-1.5,-0.9,-0.3,1.1,0.0,69291,190051,273380,132810,47054,1271711,1081660,18465.52,60913.1,34300.22,2294.23,303424.17,47.0,1321.0,-35218.0,244.0,17.0,1057034.0,238175.0,-57087.0,181025.0,1236738.0,1238059.0,1271711.0
2013-01-01,167.63,1.2,-1.4,0.0,-8.4,2.7,1.5,-1.6,-2.0,-4.7,2.2,1.2,-1.4,0.0,-8.4,2.7,1.4,0.3,0.5,-3.6,0.5,68074,180358,259834,128208,42343,1241614,1061255,17971.85,57345.18,31872.86,2045.38,295865.83,182.0,1590.0,-19336.0,213.0,15.0,992201.0,288371.0,-56294.0,231880.0,1222491.0,1224081.0,1241614.0
2013-04-01,174.73,4.6,1.5,3.0,-5.9,3.4,3.0,0.3,0.9,-4.9,2.9,7.9,4.4,6.0,-3.4,4.0,5.2,2.9,3.9,-0.3,1.4,73382,192757,281661,142292,45259,1322580,1129823,19387.01,61963.78,35161.97,2148.84,308388.67,68.0,1166.0,-14614.0,308.0,5.0,1053018.0,294638.0,-38143.0,256422.0,1308274.0,1309440.0,1322580.0
2013-07-01,178.42,4.9,2.0,3.2,-4.2,3.2,3.7,1.1,2.2,-4.2,3.0,5.5,2.9,3.5,-0.7,2.8,0.8,0.5,-0.6,1.8,0.5,76610,190557,301155,148787,50421,1354134,1163577,20193.53,65038.86,37331.4,2248.44,314900.22,300.0,1560.0,-21714.0,285.0,21.0,1077511.0,308632.0,-51556.0,256755.0,1332705.0,1334266.0,1354134.0
2013-10-01,176.26,4.5,2.2,3.0,-3.2,3.0,4.5,2.2,3.0,-3.2,3.0,3.2,2.6,2.4,-0.3,2.5,-3.9,-0.8,-0.8,1.9,0.2,72575,214187,288976,139446,51411,1413291,1199104,19060.72,62527.2,35136.02,2287.61,311097.1,102.0,2881.0,-19526.0,300.0,10.0,1174968.0,264987.0,-42897.0,221978.0,1394065.0,1396946.0,1413291.0
2014-01-01,173.45,8.2,3.9,0.6,6.4,3.5,6.2,3.4,3.2,0.4,3.2,8.2,3.9,0.6,6.4,3.5,5.2,0.1,-2.1,1.8,0.8,76142,197110,283279,134166,48461,1385981,1188872,19442.9,59573.78,32065.82,2175.95,306130.51,181.0,1369.0,-29087.0,230.0,19.0,1118311.0,314084.0,-73703.0,240182.0,1357124.0,1358493.0,1385981.0
2014-04-01,173.97,2.5,0.0,-3.7,7.1,1.5,3.4,1.4,-0.3,3.2,2.1,-2.9,-3.5,-7.7,7.8,-0.4,-4.5,-2.5,-4.2,3.8,-1.5,76023,196143,285801,143424,45444,1422322,1226179,18831.96,59771.61,32457.23,2317.5,307046.34,4.0,872.0,-21853.0,184.0,33.0,1157549.0,292230.0,-48217.0,243977.0,1400653.0,1401526.0,1422322.0
2014-07-01,177.28,-1.6,-1.2,-4.2,8.3,0.8,-0.4,-0.3,-2.6,6.1,1.2,-9.0,-3.6,-5.1,10.6,-0.6,-5.5,-0.5,1.7,2.3,-0.1,76007,194453,315402,167173,46264,1462125,1267673,18376.34,62728.97,35424.39,2486.19,312888.66,73.0,1199.0,-27887.0,172.0,63.0,1184934.0,309970.0,-59159.0,250675.0,1434410.0,1435609.0,1462125.0
2014-10-01,175.86,-2.1,-1.5,-4.7,9.1,0.5,-2.1,-1.5,-4.7,9.1,0.5,-3.9,-2.3,-6.0,11.1,-0.2,1.2,0.8,-1.2,3.0,0.5,78774,218513,298612,152613,44629,1508525,1290011,18321.78,61077.34,33016.3,2540.88,310386.25,133.0,2195.0,-29705.0,259.0,50.0,1284484.0,271199.0,-74226.0,196790.0,1479079.0,1481274.0,1508525.0
2015-01-01,170.64,-9.7,-4.1,-6.2,12.9,-1.6,-6.4,-3.4,-6.2,10.6,-0.7,-9.7,-4.1,-6.2,12.9,-1.6,-1.6,-2.1,-2.4,3.5,-0.8,73643,206687,278514,146134,31414,1456659,1249972,17556.32,57105.57,30066.71,2456.61,301173.01,182.0,1308.0,-24545.0,260.0,41.0,1202883.0,302151.0,-71130.0,230798.0,1432373.0,1433680.0,1456659.0
2015-04-01,169.2,-10.2,-4.5,-6.3,10.7,-2.2,-8.3,-3.7,-5.9,10.8,-1.3,-10.7,-4.8,-6.4,8.6,-2.7,-4.8,-2.8,-4.3,-0.1,-2.4,71369,206312,283634,155314,24835,1479970,1273657,16810.46,56924.12,30377.14,2517.94,298632.12,72.0,1512.0,-27152.0,298.0,125.0,1228775.0,266276.0,-40225.0,225852.0,1453115.0,1454627.0,1479970.0
2015-07-01,169.72,-9.1,-4.9,-7.6,8.7,-2.9,-7.8,-4.2,-7.2,9.3,-2.2,-6.8,-5.8,-9.8,5.0,-4.3,-1.4,-2.0,-3.0,-1.7,-1.6,76557,210534,307138,166931,31533,1508228,1297695,17128.91,59121.89,31940.26,2611.64,299550.71,442.0,2171.0,-31473.0,302.0,84.0,1247522.0,267812.0,-35581.0,231705.0,1477056.0,1479227.0,1508228.0
2015-10-01,166.15,-9.0,-5.8,-8.5,5.7,-3.5,-9.0,-5.8,-8.5,5.7,-3.5,-8.7,-8.3,-11.3,-2.5,-5.5,-1.4,-1.7,-1.9,-4.0,-0.8,74449,216654,291501,162433,22992,1550930,1334277,16726.35,55990.93,29298.63,2476.66,293254.26,646.0,3406.0,-30808.0,298.0,4.0,1341789.0,207725.0,-25039.0,182037.0,1520420.0,1523826.0,1550930.0
2016-01-01,161.87,-9.2,-7.4,-9.5,-7.2,-5.1,-8.9,-6.6,-9.3,0.9,-4.4,-9.2,-7.4,-9.5,-7.2,-5.1,-2.0,-0.2,-0.2,0.1,-1.4,68363,212802,262129,149072,11406,1500299,1287497,15932.89,52862.54,27215.77,2279.28,285698.02,276.0,2664.0,-39938.0,234.0,70.0,1259341.0,241413.0,-37150.0,203918.0,1460595.0,1463259.0,1500299.0
2016-04-01,163.75,-8.8,-5.7,-7.0,-5.6,-4.2,-8.2,-6.4,-8.9,-2.2,-4.5,-8.2,-3.9,-4.5,-4.0,-3.2,-3.5,-0.6,0.6,0.6,0.3,69034,211136,286431,170126,11559,1559050,1347914,15425.8,54703.79,29022.55,2418.27,289020.65,-2.0,2317.0,-25975.0,256.0,88.0,1298883.0,244783.0,-7933.0,236764.0,1533331.0,1535647.0,1559050.0
2016-07-01,165.55,-9.2,-4.9,-5.5,-3.5,-3.6,-9.1,-5.8,-7.0,-3.2,-4.1,-10.0,-3.4,-2.8,0.5,-2.5,-3.5,-1.0,-1.4,3.5,-0.5,70763,209099,302914,180574,14672,1577170,1368072,15413.61,57090.29,31046.64,2624.59,292199.17,185.0,1660.0,-34033.0,257.0,94.0,1319292.0,249579.0,-23538.0,225762.0,1543394.0,1545054.0,1577170.0
2016-10-01,162.39,-10.0,-4.6,-4.8,-1.2,-3.3,-10.0,-4.6,-4.8,-1.2,-3.3,-12.5,-3.5,-2.4,5.7,-2.3,-4.3,-1.7,-1.3,1.2,-0.1,67027,216469,299246,176466,17938,1632808,1416339,14638.32,54022.55,28597.13,2617.98,286623.34,225.0,2539.0,-34066.0,260.0,20.0,1428264.0,202715.0,-29193.0,173276.0,1599002.0,1601540.0,1632808.0
2017-01-01,162.33,-12.0,-1.9,0.1,9.3,0.3,-10.7,-3.2,-2.5,2.7,-1.9,-12.0,-1.9,0.1,9.3,0.3,-1.0,0.9,2.1,2.6,1.0,61602,214472,281511,157953,24615,1585673,1371201,14021.47,51842.16,27240.57,2490.65,286503.68,264.0,1308.0,-35593.0,211.0,114.0,1320381.0,256966.0,-25369.0,231219.0,1550292.0,1551600.0,1585673.0
2017-04-01,165.04,-11.7,-2.1,0.1,8.1,0.5,-11.5,-2.8,-1.3,5.5,-0.9,-11.4,-2.3,0.1,7.0,0.8,-3.0,0.3,0.8,1.2,0.8,59791,216121,292266,173102,22680,1630730,1414609,13665.34,53457.68,29058.17,2587.14,291296.6,127.0,1502.0,-27407.0,154.0,65.0,1369267.0,230223.0,5682.0,235712.0,1603477.0,1604979.0,1630730.0
2017-07-01,168.27,-11.0,-1.5,1.0,6.2,0.9,-11.4,-2.0,0.2,6.1,0.1,-9.5,-0.4,2.7,2.9,1.6,-2.0,0.3,1.6,-2.6,0.2,61104,227377,311513,191241,18854,1648635,1421259,13942.02,56881.62,31899.37,2701.34,296993.3,398.0,1846.0,-31961.0,222.0,65.0,1384763.0,253689.0,-19245.0,233980.0,1616897.0,1618743.0,1648635.0
2017-10-01,166.58,-9.2,-0.5,2.3,4.9,1.3,-9.2,-0.5,2.3,4.9,1.3,-3.7,2.6,6.2,1.2,2.6,2.3,1.1,1.6,-0.1,0.5,62302,255583,312510,183766,24546,1720441,1464858,14103.93,55402.72,30360.32,2650.35,294007.44,136.0,2601.0,-29063.0,320.0,34.0,1500606.0,222286.0,-28424.0,193692.0,1691698.0,1694299.0,1720441.0
2018-01-01,165.42,-5.4,1.3,4.0,-0.9,1.9,-7.6,0.3,3.2,2.5,1.7,-5.4,1.3,4.0,-0.9,1.9,-2.3,0.5,-0.3,2.5,0.6,60238,239501,300093,171168,28118,1682083,1442582,13265.74,52527.68,28340.74,2468.27,291961.51,207.0,-1674.0,-49612.0,226.0,149.0,1403946.0,277544.0,-50112.0,227076.0,1632697.0,1631022.0,1682083.0
2018-04-01,167.71,-4.2,1.2,2.9,0.2,1.8,-5.5,1.1,3.7,1.2,1.9,-3.0,1.2,1.9,1.3,1.6,-0.9,-1.6,-1.2,0.6,-0.1,60159,240325,320865,181562,37451,1734099,1493774,13255.86,54081.77,29606.71,2619.86,296007.16,204.0,1388.0,-39084.0,189.0,87.0,1442215.0,269986.0,-15318.0,254377.0,1695205.0,1696593.0,1734099.0
2018-07-01,171.73,-3.1,1.2,2.4,0.2,1.9,-3.2,1.5,3.3,0.4,2.0,-0.9,1.0,1.5,0.1,2.1,-0.5,1.1,1.7,-3.3,1.0,61627,253690,348407,194742,48026,1767856,1514166,13813.13,57456.11,32385.46,2703.18,303101.87,649.0,-2037.0,-47962.0,254.0,86.0,1481576.0,288910.0,-51640.0,236535.0,1720148.0,1718111.0,1767856.0
2018-10-01,169.17,-3.0,0.7,1.4,0.4,1.8,-3.0,0.7,1.4,0.4,1.8,-2.6,-0.6,-1.6,1.1,1.6,1.3,-0.5,-1.9,1.3,-0.3,61256,259475,343844,189956,47475,1820103,1560628,13730.61,55078.66,29876.8,2678.77,298578.0,198.0,1142.0,-59006.0,235.0,31.0,1591543.0,220838.0,-49679.0,170931.0,1761332.0,1762474.0,1820103.0
2019-01-01,166.91,-1.6,-1.5,-1.2,-9.7,0.9,-2.0,0.0,0.2,-1.7,1.5,-1.6,-1.5,-1.2,-9.7,0.9,-1.1,-0.9,0.2,-9.1,0.3,57218,250823,306190,169674,34690,1757554,1506730,13052.06,51749.69,28005.31,2228.19,294593.02,301.0,-2150.0,-39375.0,301.0,70.0,1488207.0,283239.0,-54745.0,228122.0,1718479.0,1716329.0,1757554.0
2019-04-01,169.68,0.5,-0.9,0.2,-13.6,1.0,-0.7,-0.3,0.1,-6.3,1.4,2.7,-0.4,1.4,-17.3,1.2,3.0,0.6,1.3,-5.7,0.6,60794,249926,343377,193950,43946,1826761,1576835,13611.89,53881.85,30034.56,2167.87,299477.97,113.0,2471.0,-36885.0,97.0,79.0,1540054.0,282696.0,-30114.0,252390.0,1789972.0,1792443.0,1826761.0
2019-07-01,173.64,2.0,-0.8,-0.6,-10.9,1.1,0.8,-0.8,-0.8,-7.8,1.2,4.8,-0.7,-1.9,-5.7,1.1,1.1,0.2,-1.5,8.2,0.0,66335,258350,376960,204888,55560,1880610,1622260,14478.01,57046.23,31760.91,2549.52,306464.95,502.0,2785.0,-62829.0,219.0,149.0,1573198.0,329480.0,-81242.0,247587.0,1818000.0,1820785.0,1880610.0
2019-10-01,172.03,1.9,-0.7,-0.4,-9.1,1.2,1.9,-0.7,-0.4,-9.1,1.2,1.7,-0.1,0.1,-4.2,1.7,-1.0,0.1,0.1,3.4,0.9,64295,273348,359277,194970,48621,1924206,1650858,13958.77,54998.09,29897.07,2566.53,303635.56,156.0,467.0,-60051.0,142.0,76.0,1688733.0,251140.0,-74877.0,176031.0,1864297.0,1864764.0,1924206.0
2020-01-01,167.6,1.1,-1.2,-2.2,3.2,0.4,2.6,-0.6,-0.7,-6.3,1.1,1.1,-1.2,-2.2,3.2,0.4,-1.8,-1.9,-2.1,-1.8,-2.3,65932,261453,336572,173495,47613,1868095,1606642,13191.04,51120.34,27387.34,2298.92,295812.57,352.0,1838.0,-46120.0,175.0,191.0,1556252.0,350657.0,-82378.0,267736.0,1822150.0,1823988.0,1868095.0
2020-04-01,152.48,-4.3,-7.3,-12.2,4.7,-4.9,-0.5,-3.8,-6.4,-0.6,-1.7,-9.5,-13.2,-21.4,6.3,-10.1,-8.0,-11.8,-18.6,-3.3,-8.9,63609,174908,343114,187687,38338,1752724,1577815,12324.29,46795.01,23600.62,2303.6,269117.78,155.0,3336.0,-15412.0,144.0,202.0,1448584.0,256148.0,36417.0,292208.0,1737456.0,1740792.0,1752724.0
2020-07-01,168.37,-3.5,-4.7,-8.0,3.4,-4.3,-2.2,-3.6,-6.0,1.3,-2.8,-1.9,0.0,-0.5,1.3,-3.0,9.2,15.4,24.8,3.0,7.9,70916,268286,405248,229621,50149,1929323,1661037,14198.62,57072.16,31602.12,2581.45,297161.63,551.0,3456.0,-49201.0,161.0,111.0,1567147.0,310641.0,6614.0,316593.0,1880283.0,1883740.0,1929323.0
2020-10-01,171.46,-2.1,-3.0,-4.7,0.9,-3.3,-2.1,-3.0,-4.7,0.9,-3.3,2.0,2.2,5.4,-6.1,-0.3,3.6,2.5,6.1,-3.8,3.8,67465,310013,399403,222886,57515,2059455,1749443,14237.53,56221.4,31522.06,2409.84,302621.73,-335.0,2268.0,-48620.0,112.0,20057.0,1765225.0,308903.0,-41191.0,247991.0,2010948.0,2013216.0,2059455.0
2021-01-01,170.53,9.5,6.2,7.7,-1.4,1.7,-0.1,-1.2,-2.4,-0.2,-2.9,9.5,6.2,7.7,-1.4,1.7,5.3,1.7,-0.6,3.1,0.9,68968,301477,426822,226859,80703,2156670,1855194,14447.77,54301.35,29505.16,2267.39,300988.64,233.0,5626.0,-67448.0,127.0,133.0,1647266.0,558111.0,-110036.0,447709.0,2089349.0,2094975.0,2156670.0
2021-04-01,171.38,14.2,12.2,16.7,3.0,6.8,6.7,6.3,8.8,0.1,2.4,19.1,18.7,27.0,7.3,12.4,-0.2,-1.6,-3.9,4.9,-0.7,64970,297586,493040,262597,110478,2203639,1906053,14680.74,55564.38,29975.27,2472.34,302479.09,108.0,2839.0,-47378.0,68.0,-24.0,1717795.0,396312.0,45145.0,441373.0,2156329.0,2159168.0,2203639.0
2021-07-01,175.46,13.8,8.2,9.5,3.2,5.9,10.7,6.7,8.5,0.7,4.3,13.0,1.4,-1.9,3.5,4.2,3.8,-1.1,-3.4,-0.5,0.1,71862,339513,555769,298234,126525,2295851,1956338,16050.83,57885.22,30993.82,2672.63,309680.93,415.0,3442.0,-83592.0,185.0,44.0,1821389.0,432366.0,-37411.0,394496.0,2212443.0,2215885.0,2295851.0
2021-10-01,173.96,12.6,5.0,3.8,3.6,4.8,12.6,5.0,3.8,3.6,4.8,9.4,-3.8,-11.3,4.8,1.5,0.5,-2.7,-3.7,-2.4,1.3,69311,359567,518168,285149,107162,2355982,1996415,15578.88,54092.98,27948.6,2526.62,307035.75,226.0,3908.0,-83293.0,163.0,77.0,2015657.0,372551.0,-111145.0,261104.0,2272853.0,2276761.0,2355982.0
2022-01-01,173.05,7.3,-2.3,-6.4,-0.5,1.5,12.0,2.9,0.3,3.8,4.7,7.3,-2.3,-6.4,-0.5,1.5,3.0,3.3,5.1,-2.5,0.7,67559,336346,494170,265914,100116,2319528,1983182,15497.89,53051.76,27618.15,2255.8,305423.35,368.0,3531.0,-60637.0,60.0,77.0,1860369.0,463568.0,-61010.0,402113.0,2258952.0,2262482.0,2319528.0
2022-04-01,177.45,8.1,-0.6,-3.8,-2.0,2.5,9.6,-0.9,-5.3,1.1,2.7,8.9,1.1,-1.3,-3.4,3.5,1.2,1.5,0.8,1.6,1.1,71232,332005,594970,343509,123757,2517481,2185477,15990.88,56164.42,29592.06,2387.81,313198.51,-104.0,4892.0,-43327.0,119.0,101.0,2020722.0,454877.0,3563.0,458443.0,2474274.0,2479166.0,2517481.0
2022-07-01,183.04,7.5,0.5,-1.9,-2.4,3.1,8.0,-0.6,-4.4,-0.6,2.7,6.4,2.6,1.6,-3.0,4.3,1.8,0.5,-0.5,0.6,1.0,77033,341662,617098,362419,136362,2601182,2259520,17078.81,59413.27,31501.78,2593.73,323064.76,481.0,5170.0,-93129.0,190.0,136.0,2088649.0,511925.0,-86544.0,424765.0,2508243.0,2513413.0,2601182.0
2022-10-01,178.65,6.8,1.5,-0.5,-1.4,3.0,6.8,1.5,-0.5,-1.4,3.0,5.0,4.6,4.0,1.5,2.7,-1.0,-0.6,-1.2,1.9,0.4,78216,333188,593889,345984,116441,2641485,2308297,16351.83,56588.36,29063.53,2563.69,315307.04,170.0,3990.0,-95601.0,156.0,46.0,2241801.0,392864.0,-84420.0,308229.0,2546040.0,2550030.0,2641485.0
2023-01-01,180.74,1.7,1.6,-1.4,8.9,4.4,5.5,2.5,0.7,0.8,3.8,1.7,1.6,-1.4,8.9,4.4,-0.3,0.2,-0.5,4.2,1.4,74974,320315,562977,332074,98453,2581018,2260703,15756.75,53897.36,27224.62,2456.9,318997.4,468.0,2418.0,-82510.0,263.0,98.0,2070711.0,478124.0,-47079.0,430479.0,2498772.0,2501190.0,2581018.0
2023-04-01,184.28,1.2,1.3,-1.8,9.0,4.1,3.5,2.4,0.5,3.8,3.8,0.8,0.9,-2.1,9.2,3.9,0.2,0.8,0.0,1.9,0.8,81041,337372,603144,366289,93058,2727580,2390208,16117.7,56688.24,28979.43,2606.58,325257.49,137.0,3147.0,-72040.0,199.0,110.0,2198357.0,443471.0,17304.0,460528.0,2655738.0,2658885.0,2727580.0
2023-07-01,187.35,-0.8,1.2,-1.5,8.6,3.5,0.6,2.0,-0.2,6.8,3.3,-4.5,1.2,-1.0,7.8,2.4,-3.1,0.7,0.4,0.1,0.1,84188,363010,620226,386270,98746,2769445,2406436,16317.93,60104.49,31183.94,2796.71,330673.02,528.0,3708.0,-90677.0,386.0,115.0,2255698.0,444722.0,-16914.0,427165.0,2679155.0,2682863.0,2769445.0
2023-10-01,182.9,-0.3,1.7,-1.3,9.2,3.2,-0.3,1.7,-1.3,9.2,3.2,1.1,3.0,-0.6,11.0,2.4,4.3,1.5,-0.3,4.6,0.3,87874,364055,636966,365707,112022,2865301,2501246,16525.42,58307.65,28888.36,2846.5,322813.14,146.0,1981.0,-103460.0,600.0,44.0,2445158.0,358426.0,-38972.0,319264.0,2762442.0,2764423.0,2865301.0
2024-01-01,185.18,2.0,3.0,1.7,6.0,2.5,-0.2,2.0,-0.5,8.5,2.8,2.0,3.0,1.7,6.0,2.5,0.8,0.6,1.6,0.4,0.8,85906,382593,572315,320519,101211,2764833,2382240,16073.71,55491.92,27698.17,2603.64,326845.79,298.0,3892.0,-88012.0,630.0,23.0,2260405.0,485073.0,-63814.0,420939.0,2677451.0,2681344.0,2764833.0
2024-04-01,190.68,3.2,3.5,2.9,3.5,3.0,0.7,2.8,1.0,6.5,2.7,4.4,4.0,3.9,1.1,3.5,2.4,0.5,2.2,-5.2,1.7,91932,403900,619057,356674,104731,2934759,2530859,16824.8,58932.7,30124.07,2636.48,336547.53,32.0,4871.0,-81326.0,543.0,30.0,2385875.0,511460.0,-38426.0,472972.0,2853976.0,2858847.0,2934759.0
2024-07-01,195.1,4.2,3.4,3.4,1.9,3.4,3.4,3.3,2.4,4.2,3.1,6.0,3.3,4.3,-0.9,4.1,-1.3,0.7,0.8,-0.1,0.8,89985,433880,643971,379973,112853,3015936,2582056,17294.94,62070.33,32534.84,2771.85,344351.67,666.0,5714.0,-105398.0,703.0,31.0,2478600.0,546447.0,-107395.0,438356.0,2911242.0,2916956.0,3015936.0
2024-10-01,189.45,4.4,3.1,3.9,0.5,3.4,4.4,3.1,3.9,0.5,3.4,4.9,2.2,5.3,-3.6,3.6,2.9,0.4,0.7,1.3,0.0,91259,444775,631313,369396,110815,3063723,2618948,17340.06,59566.36,30422.31,2744.77,334369.91,1391.0,8349.0,-121235.0,779.0,40.0,2619614.0,457305.0,-123872.0,332003.0,2943268.0,2951617.0,3063723.0
2025-01-01,191.02,3.0,2.4,2.5,1.2,3.1,4.6,3.0,4.1,-0.6,3.6,3.0,2.4,2.5,1.2,3.1,-0.8,0.1,-1.2,3.8,1.5,96348,425166,592624,330723,105661,3024723,2599557,16562.4,56829.09,28398.78,2635.35,337137.92,1238.0,5301.0,-98845.0,805.0,33.0,2455381.0,606819.0,-128946.0,476602.0,2926682.0,2931983.0,3024723.0
2025-04-01,195.18,1.6,1.7,1.1,5.0,2.7,3.5,2.2,3.0,1.3,3.3,0.2,1.1,-0.2,8.8,2.4,-0.6,0.6,-0.4,5.0,0.3,102540,428628,643604,375514,100722,3200345,2771717,16864.22,59576.85,30063.61,2869.11,344489.44,-198.0,7311.0,-89034.0,377.0,39.0,2590349.0,581587.0,-53096.0,528650.0,3111688.0,3118999.0,3200345.0
2025-07-01,198.66,1.7,1.7,0.5,7.4,2.4,2.5,1.8,1.6,4.5,2.7,2.0,1.7,-0.6,11.9,1.8,0.6,0.7,0.2,1.5,0.0,104277,449349,682155,410990,101006,3235708,2786359,17642.73,63128.97,32323.63,3102.37,350631.43,721.0,6555.0,-115709.0,434.0,31.0,2657157.0,575334.0,-104751.0,469830.0,3120433.0,3126987.0,3235708.0
2025-10-01,192.94,0.5,1.4,-0.2,8.6,2.3,0.5,1.4,-0.2,8.6,2.3,-2.9,0.6,-2.0,12.0,1.8,-2.3,-0.7,-0.6,1.1,0.1,100203,483441,648431,382391,96210,3277790,2794349,16832.12,59938.46,29805.85,3073.29,340533.46,-316.0,9997.0,-112899.0,424.0,36.0,2815861.0,411497.0,-52325.0,359452.0,3165315.0,3175313.0,3277790.0
