year,industry_gdp_pct__AUS,industry_gdp_pct__BRA,industry_gdp_pct__CAN,industry_gdp_pct__CHL,industry_gdp_pct__CHN,industry_gdp_pct__RUS,industry_gdp_pct__USA,industry_gdp_pct__ZAF,mining_rents_pct_gdp__AUS,mining_rents_pct_gdp__BRA,mining_rents_pct_gdp__CAN,mining_rents_pct_gdp__CHL,mining_rents_pct_gdp__CHN,mining_rents_pct_gdp__RUS,mining_rents_pct_gdp__USA,mining_rents_pct_gdp__ZAF,gdp_growth__AUS,gdp_growth__BRA,gdp_growth__CAN,gdp_growth__CHL,gdp_growth__CHN,gdp_growth__RUS,gdp_growth__USA,gdp_growth__ZAF,gdp_per_capita__AUS,gdp_per_capita__BRA,gdp_per_capita__CAN,gdp_per_capita__CHL,gdp_per_capita__CHN,gdp_per_capita__RUS,gdp_per_capita__USA,gdp_per_capita__ZAF,exports_goods_services_pct_gdp__AUS,exports_goods_services_pct_gdp__BRA,exports_goods_services_pct_gdp__CAN,exports_goods_services_pct_gdp__CHL,exports_goods_services_pct_gdp__CHN,exports_goods_services_pct_gdp__RUS,exports_goods_services_pct_gdp__USA,exports_goods_services_pct_gdp__ZAF,ore_metals_exports_pct__AUS,ore_metals_exports_pct__BRA,ore_metals_exports_pct__CAN,ore_metals_exports_pct__CHL,ore_metals_exports_pct__CHN,ore_metals_exports_pct__RUS,ore_metals_exports_pct__USA,ore_metals_exports_pct__ZAF,fuel_exports_pct__AUS,fuel_exports_pct__BRA,fuel_exports_pct__CAN,fuel_exports_pct__CHL,fuel_exports_pct__CHN,fuel_exports_pct__RUS,fuel_exports_pct__USA,fuel_exports_pct__ZAF,gfcf_pct_gdp__AUS,gfcf_pct_gdp__BRA,gfcf_pct_gdp__CAN,gfcf_pct_gdp__CHL,gfcf_pct_gdp__CHN,gfcf_pct_gdp__RUS,gfcf_pct_gdp__USA,gfcf_pct_gdp__ZAF,inflation_cpi__AUS,inflation_cpi__BRA,inflation_cpi__CAN,inflation_cpi__CHL,inflation_cpi__CHN,inflation_cpi__RUS,inflation_cpi__USA,inflation_cpi__ZAF,unemployment__AUS,unemployment__BRA,unemployment__CAN,unemployment__CHL,unemployment__CHN,unemployment__RUS,unemployment__USA,unemployment__ZAF,total_natural_resources_rents__AUS,total_natural_resources_rents__BRA,total_natural_resources_rents__CAN,total_natural_resources_rents__CHL,total_natural_resources_rents__CHN,total_natural_resources_rents__RUS,total_natural_resources_rents__USA,total_natural_resources_rents__ZAF
1960,,0.0,,34.9892294367181,44.2951197990905,,,32.4691950712114,,,,,,,,,,,,,,,,,1813.43109917039,235.266009502589,2264.94849658191,516.487539077836,89.7150749167731,,2999.86487154495,532.147504330332,12.951499489152,6.28181356216762,,12.7427185864127,3.14649701726736,,,25.5880940950552,,,,,,,,,,,,,,,,,30.2181621491676,,,14.448274487813,32.5754345754429,,,17.4747959673548,3.72881355932203,,1.35869565217392,,,,1.45797598627791,1.28887692687992,,,,,,,,,,,,,,,,
1961,,0.0,,34.9331124463066,31.8649283342781,,,32.7162367223065,,,,,,,,,2.48085739405019,8.60000000000014,3.16329168371298,5.51961070344885,-27.2700000038883,,2.29999999999977,3.84473414174089,1880.48489498232,231.564063269854,2246.08356619252,594.436306222113,75.9655011127574,,3059.16082086127,545.657511922673,12.3629339242089,6.42021675517618,17.5829190760648,11.1295189323154,3.00147724389829,,,25.3414264036419,,,,,,,,,,,,,,,,,30.2425998522811,,22.3622980369595,14.9561986156364,18.9512721111021,,,16.8133535660091,2.28758169934641,,1.01876675603211,,,,1.07072414764724,2.10235059955978,,,,,,,,,,,,,,,,
1962,,0.0,,36.8119948041159,31.2440971924101,,,32.8530670470756,,,,,,,,,1.29693177230521,6.59999999999992,7.42783736424002,3.93078479110629,-5.57999999019671,,6.10000000000011,6.17793085042746,1857.56127281956,250.200572910273,2274.4284708191,678.584336588862,71.0616845971262,,3236.01311150062,563.423008817945,13.897620116749,4.00847871772255,17.5722245631189,11.0860645266395,3.18187809249592,,,25.4636233951498,,8.59181048029712,24.0715893122717,87.0551340526261,,,3.97474148584131,,,0.612005555642229,8.78781587742788,0.00700569783726838,,,3.75183822542366,,29.7429277054333,,21.7116757776481,15.1146380937603,15.4459637589079,,,16.1911554921541,-0.319488817891379,,1.06157112526535,,,,1.19877334820186,1.24627519965495,,,,,,,,,,,,,,,,
1963,,0.0,,38.7327722913936,33.0002398273243,,,33.2774409905843,,,,,,,,,6.21437634985244,0.600000000000065,5.29743988916486,5.68667190016438,10.2999999963989,,4.39999999999982,7.37370924877223,1970.17748417817,294.169619376733,2380.31732899108,657.719196593697,74.4681540864463,,3366.36978960346,604.536855270991,12.9633475236216,8.93314544401188,17.9318897487542,12.0580300116494,3.279427154169,,,24.8419966464594,6.05237449941595,7.17038527834609,23.7058931651352,87.2819535818357,,,4.0676449327757,,3.09052904083863,0.66962834270723,5.0246924483559,0.00708478711880827,,,4.1250641516366,,29.5140691516976,,21.5388082365907,16.20668141166,17.7195088576225,,,18.2123049142268,0.641025641025652,,1.62815126050428,,,,1.23966942148753,1.33797064490693,,,,,,,,,,,,,,,,
1964,,0.0,,39.600174368829,35.2617641067427,,,34.192037470726,,,,,,,,,6.97757189326991,3.39999999999985,6.65599998308328,2.46113427734542,18.1799999938203,,5.8000000000003,7.93960864480677,2134.48946124608,257.259726897671,2561.63849088572,685.970202891974,85.6611074645449,,3565.31443016356,645.873375685446,14.8905178084766,6.46099666497353,18.9849060374088,12.0441503024268,3.24105588221634,,,23.8056206088993,7.70411614448051,7.40814327924099,22.7375188121932,87.0978121101519,,,4.53292692285744,,2.7926183983889,0.186358952541575,4.96141517352278,0.00893218199591198,,,3.49418505430138,,30.0065783291044,,22.8860167482623,15.5036771538963,20.2270029333877,,,19.7423887587822,2.86624203821656,,1.91214470284237,,,,1.27891156462591,2.53498854234898,,,,,,,,,,,,,,,,
1965,,0.0,,39.3872553446774,35.0276306700437,,,35.1687198714515,,,,,,,,,5.97750537090864,2.40000000000001,6.31720005153649,0.670838636062939,16.9500000038699,,6.39999999999981,6.12279809601442,2284.35582738664,268.028760553723,2777.18317301162,686.123541995524,98.6681688740435,,3818.28825117968,684.62122774035,13.1786283204891,7.50316443059153,18.2919573688229,13.1158083669341,3.18368644911352,,,22.2924477771826,9.54016036487875,9.01042993333555,23.227339304779,88.8354589527403,,,4.53289874831286,,3.14492325035777,0.000485497404061802,5.08876133658409,0.00675948785661161,,,3.50513775253345,,31.0543763723253,,24.2229242439776,15.0459514567887,20.6043533444624,,,22.0460632029995,3.40557275541795,,2.33265720081135,,,,1.58516926383662,4.06901853294584,,,,,,,,,,,,,,,,
1966,,0.0,,38.6993026696801,37.8118393234672,,,34.765047778544,,,,,,,,,2.3810335009272,6.7000000000001,6.75969011988171,11.4634218589357,10.6499999984174,,6.50000000000021,4.43838608946889,2347.37656646515,328.343791519407,3055.28807884507,790.361773771396,104.50646350178,,4136.30829579106,721.75375941418,12.8916008026537,6.53020390757968,19.0609638815139,14.1540048756479,3.08454778826638,,,21.9781302334745,10.2280232370207,8.11269107085197,21.3456880157915,87.6868355144257,,,4.39582427726817,,3.47381524557627,,4.8380132372622,0.00551741936177497,,,3.26933921698858,,32.2208116630493,,25.1605329404338,14.5265879203969,21.7861098784355,,,21.4264604472466,3.29341317365269,,3.81565906838453,,,,3.0150753768844,3.48923715385175,,,,,,,,,,,,,,,,
1967,,0.0,,39.258980785178,33.8266384778013,,,33.3864259800018,,,,,,,,,6.30689948609215,4.2,3.06542080784173,3.58811073177469,-5.77000000405148,,2.49999999999999,7.19652306514106,2583.9075241973,351.472600370379,3226.38273682011,764.265128656993,96.7614480104016,,4325.95935063186,778.839335829791,12.8430256052313,5.67719217542334,19.9393599383756,13.8754979421584,2.95280114994993,,,21.3963366073799,11.4818312953976,7.86351167923088,21.3369212304979,89.2123609912456,,,4.44412811254761,,3.70859185590197,0.050408789912482,5.2872589460858,0.130004738213693,,,3.54566254677117,,31.3875316850961,,24.1158570041829,14.6101075754027,18.1452474685657,,,20.2548447040085,3.47826086956522,,3.57995226730312,,,,2.77278562259309,3.53896580236233,,,,,,,,,,,,,,,,
1968,,0.0,,40.6401338938751,31.05184846057,,,33.4041857423152,,,,,,,,,5.09512980987455,9.79999999999998,5.00827404258794,3.57371701447551,-4.09999998647768,,4.7999999999997,4.15337298293346,2728.23426114901,373.925432639683,3473.23722551871,765.847401648627,91.6454581848979,,4684.58840293763,817.128340614066,12.2585717704167,5.99087444407956,20.8229173491378,13.5209343390996,2.97927634903285,,,21.9587965990844,15.5846836545475,7.54903190275217,21.2363811259702,88.6932374207234,,,4.50093662031963,,4.64352725082732,0.0339045420876149,5.1343535345561,0.0967660823532469,,,3.09216193431342,,32.4342802447612,,22.5322901497753,15.1828516367907,17.3342102781275,,,19.9068018312623,2.52100840336134,,4.05529953917047,,,,4.27179615288537,1.98613362103222,,,,,,,,,,,,,,,,
1969,,0.0,,42.2803070058237,35.3563616014651,,,33.776808433297,,,,,,,,,7.04760243224727,9.49999999999993,5.06703236278922,4.10317976748962,16.9399999960609,,3.09999999999999,4.71590286722241,2995.86119857452,399.49841913391,3776.15613110238,873.581889905917,100.308139479526,,5019.99818634473,890.922089102936,11.9169562831535,6.67156538418794,20.8441208693756,15.8956424620006,2.77326409498398,,,20.0436205016358,17.8581092932437,8.12826487593064,18.2640812983071,88.3594646868822,,,5.03147990952602,,4.84659354267146,0.144149331388812,5.40691125323815,0.0647354344195658,,,3.01682199217479,,31.3365038717151,,22.4522830394683,14.7168687769674,20.9452792694714,,,20.2544529262087,3.27868852459016,,4.56155890168292,,,,5.46238620028745,3.23821721585667,,,,,,,,,,,,,,,,
1970,,0.0,,40.8356675921505,40.2075851799947,,,33.7556083399314,1.47068573125166,0.489549107599451,1.29973721082201,9.59895832358477,0.190311947728461,,0.173694534129661,0.933291184727189,7.17469983682571,10.4,2.91871307258708,1.69447257971353,19.2999999967022,,0.216606498194878,5.24866143118292,3309.76306254362,443.799484982738,4135.82149842006,940.648345061287,113.346243039894,,5234.2966662115,952.352188073537,12.9356060606061,7.02942560498826,21.844322792896,14.1746033324124,2.45191173862661,,5.56310752881526,18.4019530219055,22.5742679240745,10.1052373496894,20.3703582365055,88.0548742616014,,,5.21072105087804,,5.58482448125533,0.581632320624406,6.04494386465514,0.0338534838469288,,,3.744205093446,,31.4231601731602,18.8338225143308,21.8616853942217,15.5025123857926,24.1011413068232,,20.2605867122332,22.4333597255212,3.43915343915341,,3.34603981363832,,,,5.83825533848251,4.99192455435617,,,,,,,,,1.82573261827896,1.61330030982628,1.97883548476178,10.1337971525781,0.840416943708215,,0.65568149303359,1.66319689663623
1971,,0.0,,38.165164787034,41.8522431729519,,,32.4593884376493,1.41251580141525,0.397243118339099,0.942167856866809,6.06780412709776,0.142432078198573,,0.0981638974786465,0.697571070559393,4.0009865700372,11.3429219931908,4.01884508716894,9.57107393842624,7.05999999853672,,3.29272245005524,4.27893440296982,3500.33603195606,500.001988983361,4535.39338907773,1098.91469956231,118.84249157909,,5609.38259952519,1020.43983590718,12.6211911357341,6.45722050038782,20.9956795906186,10.716133229753,2.71152734986346,,5.40524531055501,18.4782608695652,21.6236688332186,10.4955448368109,16.9850578218137,82.6176582355688,,,3.30624734833947,,6.42308667233811,0.827027019342867,7.13809600175385,0.097130294428332,,,3.44293412487328,,30.5970518401266,19.9082549365888,22.7295779335507,15.1353260942503,24.8068838589077,,20.8513491007426,23.7876254180602,6.13810741687984,,2.70491803278685,20.0522312040536,,,4.29276668813051,5.95742085213486,,,,,,,,,1.79849610270316,1.39264441373664,1.68765051266342,6.60493057257233,0.773897108383394,,0.667661828608719,2.27229555164516
1972,,0.0,,37.0962664801895,42.6990025425386,,,33.3810888252149,1.31501598596787,0.458517275019689,0.862279377565741,5.24782050943475,0.111912039283719,,0.090327510019963,0.665058419373973,3.90697856876663,11.9403481162508,5.51967005803644,-0.712365918422577,3.81000000021984,,5.25550195781351,1.65482970884699,3955.22430403017,583.492034946156,5106.73708049128,1185.04994801594,132.097410431007,,6094.01798986165,1038.39407468283,12.7855109497232,7.27211396407972,21.2139005777389,9.38247125248678,3.10630545897125,,5.53846033570217,21.4581343521172,18.9981692718777,7.31121432563055,15.3308884670693,84.3686762708545,,,3.08763597135384,,6.33087039424475,1.00219141409849,8.59324742687636,0.328018082498686,,,3.16971262813456,,30.0271221392868,20.3317665589927,22.4318724579734,13.4516363223472,24.5876001799335,,21.8686430408644,24.5728536559482,6.02409638554213,,4.98802873104551,77.7957404755204,,,3.27227824655283,6.42567638879175,,,,,,,,,1.78991800825055,1.38003707047932,1.76968831431431,5.79741785753672,0.895123275339724,,0.729815851646216,2.25095786277391
1973,,0.0,,40.0044404403765,42.7551981453307,,,35.2770437118226,1.84752224799437,0.380213588755104,1.70972461489151,6.80675558750919,0.175160226082526,,0.174313838300205,0.905103308420681,2.6185458738897,13.9687217796782,6.72864134770903,-5.03775611682208,7.76000000084325,,5.64567976314829,4.57194474637271,4777.513168995,814.731780553415,5858.33407318788,1666.99542750899,157.339888078555,,6726.35895596695,1369.16160033933,14.1104786338491,7.84487342902518,22.6889988520045,12.9847521804698,4.29453198256321,,6.6837802797297,21.6869557683143,17.3347690374049,6.82500842071788,16.1031361106762,89.2710619822967,,,3.59623023886981,,6.31547716069807,1.34798462534769,9.78095975037258,0.207779303000612,,,2.37808136509323,,29.028701996312,20.3684099638676,22.9113433004355,13.1291972448822,24.245957987394,,22.2178569023191,23.6191136334099,9.09090909090915,,7.48764728240211,352.810986573029,,,6.17776006377038,9.43398376978394,,,,,,,,,2.5912839936884,1.40788298659705,2.91469825076744,7.36475733501654,1.79558411793063,,0.91132816425109,2.46019338628727
1974,,0.0,,47.6328529225249,42.3628274839348,,,36.0487856914269,2.09247496223803,0.564246680863701,1.7708508063348,9.90344616491281,0.31941707077155,,0.284317991957326,2.09824665725096,4.10661101328289,8.15393868457201,3.35777600467976,1.2495800122858,2.31000000294736,,-0.540550192633191,6.11112210372188,6491.74521621099,1044.76980947499,7056.70847496589,1578.5836760852,160.402546852304,,7225.69135952566,1656.2890557998,13.1110927289271,7.67312781088189,23.993651262596,19.0915586902565,4.99456118394499,,8.19612190445127,24.1546065497991,20.5040313749248,8.68284361042698,15.3534722725458,86.0774915833412,,,3.74654617381584,16.1402384072385,8.83691948566639,1.39158302052191,15.7984143067848,0.804363270807223,,,3.54514319364962,0.919419281452613,28.4423856398379,21.8454042404132,23.6315356827485,17.5469149304371,26.5154847927406,,21.7895826093372,23.6745724140383,15.4166666666666,,10.997171145686,504.738541215978,,,11.0548048048048,11.7241315190611,,,,,,,,,3.96822807599371,1.83087242188651,5.73857768623766,11.1469005022528,5.00070904496983,,3.27619947384599,4.17188319911569
1975,,0.0,,37.1997986830082,45.2879151200604,,,37.0406555310432,1.62895257727092,0.648535358235827,0.788855385748874,10.391760017988,0.22050058635815,,0.191622330592764,0.972806830257511,1.33870055771159,5.16664908406321,1.5454033263216,-12.2737621533613,8.71999999747992,,-0.205619191121627,1.69543377931099,7013.67159761514,1200.55823714607,7536.52009823861,732.054406775965,178.621249282085,,7801.45666356443,1670.11816898954,14.2384662817423,7.21800682637617,21.9597841113282,23.5245398375081,4.87182232405151,,8.23227910907684,23.8449416955563,22.4347062360189,12.363440125051,13.6580390789927,71.9868964779827,,,3.35627164331414,15.3640087342106,11.8748666223208,2.31537635726927,16.5125895237941,0.865672508286935,,,4.212468496815,1.267275056039,25.8114244071977,23.328885294818,24.3456511615388,18.1269924346038,29.0020913083467,,20.6487728677717,28.1626221241727,15.1624548736462,,10.672188595094,374.735274232635,,,9.14314686496535,13.4259248530376,,,,,,,,,4.52463043164182,2.00567768248299,4.63818460956733,13.2400638141578,7.33042405539159,,3.23053256837185,4.56503787992989
1976,,0.0,,39.2689669075566,44.9625868519508,,,37.2467372774781,1.95089766124096,0.866695810832042,0.743593959966158,10.9194038414317,0.421319811368948,,0.116861669218276,0.947042240678056,2.58782205117312,10.2571295347867,5.88927586333716,3.60469484521828,-1.57000000165326,,5.38803391770217,2.24986032919334,7497.28175413577,1389.74952306555,8838.94710677652,970.957314866348,165.680987722637,,8592.25353727612,1558.99824733487,13.4819749122408,7.01316307160746,21.6827524574202,23.521081168837,4.8253916518573,,7.9808926173207,23.9135902523545,19.7312162368566,10.9772050408587,13.6483686519925,71.439805243662,,,2.87842286073938,19.1111826669799,12.7631582755407,2.47480162106379,13.8114537144438,1.56846416353669,,,3.72914030865486,2.63258103067273,26.1732181580744,22.4180560151833,23.9766333393372,13.8080178169897,28.9887014130144,,21.1247712729501,29.2010172428248,13.3228840125392,,7.54173862982148,211.924302225904,,,5.74481263549085,11.0204105892452,,,,,,,,,4.96025699286603,1.93362759577417,4.15553992219347,12.8977687651848,9.22371412496225,,3.09034779340366,5.14924829428581
1977,,0.0,,35.3344810988505,46.6240707747128,,,35.9727014410392,2.01708222697788,0.619314040120066,0.594436695681017,7.32665707887451,0.423540650502366,,0.152847605079176,1.14637661873181,3.59237581967973,4.93432806978961,3.53482660580218,11.1491944807539,7.57000000138403,,4.62418650601657,-0.0939791161255812,7786.4080406928,1562.29143045708,8949.10989272982,1296.86854720323,185.728620718294,,9452.57651914511,1671.46618837272,13.9809836201707,7.24526115542366,22.7020476371888,19.30299696202,4.72021382337347,,7.6542900319239,26.2837426425817,20.2408638509136,8.3498819043077,13.1587704203231,64.1709270100081,,,2.7072826123465,17.8386257295828,13.6131302050502,1.78691504265173,12.5225069799908,2.74066899511564,,,3.54412359294581,4.63241350730875,25.74996366958,21.3455066997961,23.4646429989749,13.8964874460239,28.0784603643177,,22.4539418760261,28.3311345646438,12.3098201936376,,7.9764453961457,91.9541325565104,,,6.5016839947284,11.15195783193,,,,,,,,,5.29902627849443,1.76823165078168,4.33594681021949,8.77587881957493,9.60235224195703,,3.11411864965977,5.52869096191121
1978,,0.0,,35.1632393861422,47.6311717596613,,,37.1044656386487,1.52027115722422,0.493968868581604,0.360267309183678,6.08038237146518,0.280544558453324,,0.0649320089972214,0.670401128706908,0.895363440295682,4.96989768924738,3.73597638764802,8.02682491365691,11.3259779878892,,5.53520648243719,3.01447977912923,8264.43890373653,1732.50012204556,9154.43325277735,1465.45605636916,156.655616850835,,10564.9482220275,1851.75191300848,13.5873697817656,6.69298607932397,24.5309568947029,19.3577462434404,7.2109217325228,,7.947060702101,28.4249933149122,15.412781565162,9.32054142079044,11.8217970776498,61.9635680673289,,,2.92213864719259,14.2818419793488,14.1659177962979,1.55128270620942,10.9241382530573,1.69888367357527,,,2.77012812225569,4.95315310458824,26.2822218842674,22.2651249693608,23.113488390907,15.4216507792657,29.2914796732523,,23.7350415610825,25.8779748640699,8.0049261083744,,8.97372335151214,40.0872246313854,,,7.63096383885606,11.1356088829565,,,,,,,,,4.38713187131316,1.69806200881092,3.9435407894632,7.54057954192026,11.2104687263013,,2.7284929152032,4.73080336676493
1979,,46.1313726538209,,36.5524791024353,46.8769989847098,,,39.7532027128862,1.77906779781866,0.567144838747346,0.64632511264266,7.55880390263055,0.354068171396976,,0.109963199568763,3.85490259140033,4.05155094854514,6.7595601220408,3.72519949149593,8.43582175738598,7.59132468000007,,3.16598821816159,3.79051926405782,9307.82127950011,1869.7133759549,10077.5026707269,1962.08185606537,184.285853059043,,11674.1818666548,2201.51922339868,14.2680558008123,7.24078004876568,26.3285135190226,21.6869463205334,7.8189696143358,,8.75903435156488,31.2434061793519,15.2255718427339,9.9706431939454,12.2409347061256,68.6361939431067,,,3.95763854259628,13.3862006980395,12.2444724016882,1.49597263942829,13.2093613334618,1.2974718095403,,,3.24108226102482,5.96787009781823,26.6432901961774,23.3607423834262,23.462160639999,15.5303822025514,28.3048718543046,,24.426633395919,25.793142426526,9.12200684150515,,9.14467697907181,33.3892190102252,,,11.2544711292795,13.2936624628059,,,,,,,,,6.22910529337408,2.36476911799912,8.45963339670007,9.48990916461053,17.0999242275286,,5.04456547753607,7.86535008976527
1980,,43.9725400282911,,36.6033924697289,47.9727856278695,,,42.4027456668151,1.99293087880216,0.707473754491925,0.900067442255319,6.87269781508473,0.404616392108178,,0.121597552795512,9.59606543502986,3.03453508064058,9.19999999999976,2.17719921287991,8.17228334347537,7.83414501593799,,-0.256775731395592,6.62058342724157,10223.2886675105,1958.57159232662,11208.2027394178,2570.84311890682,195.149479992051,,12574.7915062163,3028.97447561832,16.3888579800453,8.96239487326747,27.5074986204463,21.2684484447529,10.1341967491351,,9.82645547013324,31.8709881241294,17.4575966217523,9.40982187976375,13.8568021128994,64.0807900485605,,,5.10414510792435,6.9576111553196,11.1392639568292,1.77601692072465,14.2782916335286,1.29609619297805,,,3.73592035444143,3.78385383698362,26.3699417677386,22.6737812755144,23.9746310099537,17.396437088639,28.5101570924995,,23.5318780936035,26.3767824576016,10.1358411703239,,10.1292205085453,35.1383405330485,,,13.5492019749684,13.6602404681115,,,,,,,,,6.34676100710534,2.77080988581465,9.04855856351785,8.71519847548594,19.741557918563,,5.68150196298393,13.527306658855
1981,,45.8032024598864,,35.4785442814874,45.8879142657795,,,40.8372992084562,1.34657639539804,0.646954627487347,0.486517344775379,4.02403099077619,0.532478138222438,,0.0911129756224353,5.49011885400508,3.34242019351289,-4.24999999999956,3.41506518150013,6.71863895635887,5.11276109058952,,2.53770126828974,5.36079105964045,11870.8633077339,2079.70908377484,12379.0368643833,3012.3447816477,197.425510967822,,13976.10539252,3049.71474333882,14.8655468243097,9.62284037096842,26.3846584029667,15.2466633451147,12.4198281796671,,9.51777666702733,25.2033912820074,17.4877109003126,9.35122644855077,11.702964780654,62.9503299536465,,,3.05255473730476,7.65794910182529,16.0064029708026,5.05565512187762,13.8409554215054,1.80077741297323,,,4.53751586869299,6.099248400334,28.3547754962938,23.4303993145604,25.019681939852,19.4076479620061,27.2088337088195,,23.3473784713074,27.3235542397142,9.48766603415561,101.725072957927,12.4716124148372,19.6868327084319,,,10.3347153402771,15.2542337674194,,,,,,,,,5.01787212080984,2.4347097567803,5.82610102003029,5.56381496748019,19.467446076565,,4.04888001250875,11.020952107359
1982,,45.1924312209896,,35.5402276991489,44.5356524686084,,,39.096873793902,1.33777651813518,0.680272326468683,0.356449698348743,4.94006171633485,0.465097625470962,,0.0469297066867793,4.03024152850405,3.32864998005238,0.829999999999529,-3.16615022065891,-11.5020620535762,9.05928417062999,,-1.80301378934359,-0.383419108375435,12797.6758959809,2137.6250359394,12527.3135323802,1663.28043251256,203.722788366928,,14433.787727053,2717.16388710425,13.4991340885217,7.90048452532258,25.1926292116307,18.4422561478579,10.9986490384497,,8.46973298853486,23.387580942579,19.3597761582888,10.4993596821554,9.72105869963591,61.572345643767,,,2.7254445504212,7.72593313882347,18.2198286244814,7.15570915277825,14.3353531918953,1.99386479617839,,,6.17334460360361,6.49015068653044,28.9106549697641,22.2552389722697,22.5685955778361,14.5925358783494,28.1856541570696,,22.5161037374069,27.0659119173206,11.3518197573657,100.54335919485,10.7689718997139,9.94102693041832,,,6.13142700027493,14.6390405853128,,,,,,,,,4.26922408952065,2.68175882307319,3.2491612073497,6.62939973489201,16.7508523318146,,2.39193449570472,10.7813376290142
1983,,42.7384283670828,,38.0687334742006,44.1437523298798,,,39.3343969546841,1.24589067847388,0.978207998412623,0.371859889218298,7.0633787038882,0.407938801657631,,0.0502391234933934,4.74083851461688,-2.22582353017135,-2.92999999999996,2.56225358775578,-4.9352297090374,10.7273706842105,,4.58379098362749,-1.84655774595063,11532.4028055582,1461.25582714178,13477.1031699599,1715.40345654344,225.86534696156,,15543.8937174925,2938.48980239675,13.5533085909493,12.2437555659291,24.92499691443,23.1190708543507,9.49953661216008,,7.62226481946529,21.7678506451703,20.1807803280342,9.67248534948467,9.22092086018071,63.8833397840006,,,2.87969206840239,7.70008670781062,23.1569387056819,5.29088505956537,13.759514794723,1.58310564973858,,,4.91038812628473,6.08703319776915,26.5114292944203,19.4347970230088,21.0234123555716,13.3097548769588,28.1231988876917,,22.4112406089314,25.9486289547588,10.0389105058366,135.027682230473,5.86358802977368,27.2571946726204,,,3.21243523316065,12.3032053006006,,,,,,,,,4.23915837033398,3.513261433871,4.28149482838967,9.16236173269569,12.6162173602657,,2.66669832726867,9.1053548000585
1984,,46.6388394486218,,37.7862494882812,42.8491719516209,,,37.9563442938494,1.34747700868867,0.989265371762926,0.395074532825599,6.00314320808787,0.287607377236682,,0.0303192328003187,0.810958098287798,4.5644786594345,5.39999999999988,5.8985694010334,3.98371018713553,15.2325609955089,,7.23645316474058,5.09915163001477,12436.2969052038,1419.73154606978,13930.4745502555,1636.22476246476,251.192686463827,,17121.2254849995,2504.07736790289,13.5411164760378,15.0354125354877,27.9365608481642,22.4552872653066,9.50853686392573,,7.48907832424752,22.4987420831104,18.738258573833,8.90297782928162,8.83693441142194,58.3101203108457,2.20438013141568,,2.87971621680694,8.69425008183007,24.3570270548502,6.7678845692108,13.1029416592401,1.26268590871573,23.0209765667404,,4.41973450336194,7.32118696210114,26.0048331081934,18.7409087149633,20.1597018091457,15.3860767019267,29.2651676361692,,23.4759002410583,23.6344613320341,3.96039603960396,192.121733132051,4.30477830391737,19.8602056602626,,,4.30053547523429,11.526481434496,,,,,,,,,4.11842297410993,3.5338366382632,4.27715647839391,8.09788641648206,10.3999047481946,,2.33920575265163,5.36043298111018
1985,,43.5300066111487,,38.8062743473158,42.6328942507048,,,37.8549203321755,1.51857079663669,1.10649847955781,0.33634571889016,7.21348513904364,0.254013353131154,,0.0325718001283689,3.80390613106668,5.28169814609451,7.85000000000042,4.73768081475092,3.55239860775048,13.435474366529,,4.16957534699196,-1.21154088240387,11455.379711213,1556.1297180511,14170.1249406067,1446.80604557863,295.007445815897,,18236.8277265009,1839.4841908184,15.2035523586966,12.9485790961438,27.5469124667268,25.9350262014508,8.32129856902917,,6.98807253964585,27.9028811282273,18.1309328732305,9.39303518224068,8.45044532055589,59.2082876647162,1.52152102105662,,2.81506006676623,,26.9110893271408,6.35625773629529,14.0507464018535,0.473205281265727,25.7589527332764,,4.85418230686114,,26.9836759448146,17.9178544928284,20.7064818499801,16.5072700573698,30.3746507037155,,23.6853416437369,23.0476336324212,6.734693877551,225.989665211895,3.96203054065205,30.7034989096151,,,3.54564415209365,16.2942252426421,,,,,,,,,4.83178579259052,3.80860118136164,4.19241992197057,9.03292014450356,9.78977585019452,,2.09298182286231,10.8450678188133
1986,,42.0041415606782,,34.8077951769043,43.4347042423426,,,38.1564032502476,1.29155905849684,0.856235316638621,0.229114969557248,6.06592838172831,0.175061500665316,,0.0221619981045521,3.51555074132424,3.96976309787884,7.48999999999982,2.12148083355379,5.40556438635799,8.93506493506504,,3.46265505694664,0.0178492401652193,11406.1093011037,1854.03775211919,14521.1800806,1524.97809458987,282.445603096707,,19071.2271949295,2027.4662038189,14.9537898452515,9.21727907000127,26.9876383798872,26.8922386904566,8.69621588638232,,7.00925467575881,27.2476702979394,18.1742273846861,10.9021707434212,8.45809485865031,53.356610755464,1.43441147933416,,2.6555660309349,,22.8288802886391,3.12467488216838,9.65404705252112,0.0618128231824088,11.6427404345573,,3.97392020545445,,28.1039671054143,19.9608396615159,21.0365911550804,16.8549246484864,30.9028394412806,,23.5971413417369,20.443508453746,9.05035054174634,147.142826237604,4.19478629085621,19.4768379232582,,,1.89804772234276,18.6549230388755,,,,,,,,,3.35159311111338,2.3664187207187,1.87617525224145,7.08457413109978,5.75920686839352,,0.910129605763473,8.66048788524986
1987,,42.8945846718162,,35.635553091306,43.241959925714,,,36.6644619689646,1.41786288435197,0.801432362326877,0.345823584294277,7.49238211923099,0.258693727832562,,0.0338249560234262,3.62462496665048,2.5567680273608,3.52999999999983,4.07201574110678,6.73884253090458,11.6282225655699,,3.45462966856461,2.10072902053675,11665.5298271811,2006.00226235757,16377.6902109541,1767.41389670161,252.256760114454,,20038.9410992658,2586.27423314228,15.4383272587761,9.82848202733551,26.0034196010698,27.899127374623,12.4601248299538,,7.49591933621889,26.8913762401425,17.7897666345516,10.2343136563114,8.52781666784847,52.3845283685646,3.08700557244464,,2.55384204001357,,20.9376950663451,3.60793733843234,10.1008578319833,0.140397222231175,11.4550504352848,,3.17126748849486,,27.898086950456,23.1736258501997,21.8600261867618,19.2210351862357,30.5045534375743,,23.0610590880116,18.3708979903332,8.53302162478083,228.336162575513,4.3561087122174,19.8808457201905,7.23383553065609,,3.6645632175169,16.1605948546791,,,,,,,,,3.43625621706477,2.65274212548969,2.70475406044989,8.58218696306459,6.49280601379339,,1.2173139452471,7.10334308912649
1988,,42.2697313812777,,40.9883945513975,43.4500850326178,,,36.3444844915986,2.81149219378364,0.843087562676458,1.09689359806209,10.9038080225235,1.11136888543569,0.0,0.106855029618885,3.27733085985181,5.76137011855324,-0.059999999999917,4.41083900341744,7.35081069623416,11.2225949825209,,4.1769823865164,4.20010964838187,14303.093047615,2140.65027561164,19012.5723278349,2013.53987790886,284.023573149686,3778.01977539063,21417.0119305191,2702.05504774508,15.9326018326492,11.6673585476931,26.052889324192,32.3093535908079,14.3577170443892,,8.49052351999585,25.8024942044435,23.8698807570558,,8.65953147545503,,,,,,16.1889646633392,,9.00305383476602,,,,,,27.7266657230595,24.3436482411539,22.6287059694302,20.5783100985407,30.9997000868056,,22.4748579091359,19.5830583616766,7.21593968766828,629.114509120897,4.02823414871611,14.684351250082,18.8118179448753,,4.07774110744413,12.779553083028,,,,,,,,,4.20490600390199,2.35076334658211,2.72005770603422,11.8720794878324,6.28565315693549,5.81803316378109,0.96888198069868,6.90012319771553
1989,,42.2838305792496,,39.7075817893127,42.4213011853574,46.5968586387435,,35.7709204467263,1.51430114823268,0.753599477657633,0.790006586119934,11.8368550331015,0.395103473714275,0.0,0.0529651169270773,2.31496748422728,3.87901779350344,3.16000000000032,2.33732975738413,10.3583568690228,4.20633435547828,,3.67223784383981,2.39479511538406,17857.5520554588,2818.99277980122,20794.682233334,2277.84764297202,311.429461227032,3429.64990234375,22857.1544330056,2726.70980679488,15.0980184782933,8.92960967188901,25.0463459995027,33.5152629480169,11.8235049297269,21.9022687609075,8.93879019707245,23.7068402759399,26.0709192164046,12.1892803096413,9.05696196803814,,,,3.21408660909693,,16.4115198707654,2.47846260917892,9.1855853787745,,,,2.8238903031564,,28.6614220204633,26.9027870382664,22.9614088588238,24.0921618210257,25.5610476002324,31.7626527050611,22.0229262015251,20.9439122073431,7.53390256152688,1430.7237251472,4.98362189985958,17.0279367308962,18.2456383621648,,4.82700303008944,14.7308753982381,,,,,,,,,2.96326048547822,2.30401251802806,2.66632156919484,12.8332145779434,7.05998093097386,9.3814582434218,1.07193822037119,6.49961862512435
1990,28.8235889260958,33.2718794578641,,38.874404083697,40.9532139003469,45.0035703197765,,35.6076007199649,1.50973725272876,0.768736210537957,0.549339394031579,9.54796165008491,0.376864557442531,0.0,0.047814587835792,1.72038050669748,3.57297569098456,-4.35000000000022,0.202947874139198,3.59872304691744,3.9416305983694,-2.99999564243126,1.88596558187626,-0.317760426540374,18273.561526468,2619.80141064047,21525.8611387148,2487.76829657299,318.50335359039,3494.06323242188,23888.6000088133,3093.48920352334,15.0947214126902,8.1972364845005,25.0742989585924,32.2119449244153,13.5882641172526,18.1620614715927,9.25473206751338,21.5385417337418,25.3446134983235,13.6806877385978,8.46457276593594,53.1049624594718,,,3.04268821212894,,19.96695021361,2.17274623720328,9.98614938509996,0.508645743376612,,,3.25140191503474,,27.623562275288,20.6635851959048,21.7046416899472,23.7709729412989,23.9421564099717,28.7022663769016,21.2852817238692,19.6346821943599,7.33302195235872,2947.732772483,4.78047693336304,26.0364811362364,3.05229012075233,,5.39795643990325,14.3209918914915,,,,,,,,,3.49861736214292,2.68167389862843,2.75149660597247,11.1674175940099,8.63870038140403,12.732460585784,1.23250818918509,5.69756198732845
1991,27.7022510543552,31.7672428092758,,36.9954749325527,41.3647026718439,45.8648552020021,,34.4217067552365,1.26860233331083,0.668690322705163,0.469744784784788,4.75579550316189,0.742892477567943,0.0,0.0284622591994412,2.01761497749447,-0.384631357046658,1.0321895854696,-2.0910550979319,7.75620189312957,9.36170212784847,-5.04693945142463,-0.108312882368935,-1.0182449675445,18885.4274465057,2258.10454027063,21846.7930471354,2798.34262413795,334.130288119078,3490.45239257813,24342.2589048189,3243.23616023953,16.0067228668844,8.67763659887868,24.3533165282791,30.9848794845346,14.4450323111337,13.2713621737576,9.66090512231881,19.3408153425832,23.5387006115261,14.3961730893782,7.71331432499954,46.9649211588354,,,2.77790675977808,,21.5918131377711,1.37841746275907,10.783301440987,0.501583244319668,,,3.012912024288,,24.5348574396361,18.1090137013569,20.2636750060205,20.7492215013557,26.0333742620373,23.2677869145513,20.1170193089492,17.8611989071624,3.17667536988685,432.786661926461,5.62586408593005,21.7844124277757,3.55668565220452,,4.23496396453849,15.3347785733672,9.586,6.887,10.316,5.23,2.37,5.11,6.8,23.137,2.64782212263593,2.32109734238196,2.10518930781771,5.94722567017809,6.08171887067132,6.26609182608552,0.908448702232653,5.44865900528835
1992,26.9338838100855,34.1322718402493,,34.8170307202377,42.9556871107431,42.2502714360863,,33.060858320151,1.19653198015618,0.653833070192071,0.346063228785098,3.63722443219166,0.68941916565197,1.02540691750139,0.0399068374224523,1.39136859706887,0.433065864126704,-0.544072051030298,0.890466180427183,11.5019314370192,14.2996108947926,-14.5310737729264,3.52249717301392,-2.13703284500521,18650.3675476612,2127.29083011489,20950.3305287651,3351.84108855522,367.822651903542,3098.802734375,25418.9907763319,3462.39400202835,16.6348569743439,10.8683116605935,26.1991325601724,28.5950704800945,15.6002410213269,62.3224618621778,9.70891490564814,18.9551466044412,21.2750652378062,11.9505802506673,7.18879882809228,45.5275123196896,1.69054452864012,,2.30243112932218,10.1041673840215,21.1705850872818,1.60640672826572,10.3028321839473,0.333449382813415,5.52424102009769,,2.61777454492857,6.92522148927818,22.8064877617222,18.4232590300656,19.3853036317779,23.4984374150546,30.615923445537,23.9347711730668,19.8271651099707,16.3687813304511,1.01223112610714,951.962053052818,1.49013290374545,15.4258064688928,6.35398134024869,,3.02881967814969,13.874703748615,10.733,7.086,11.197,4.35,2.37,5.181,7.5,23.463,2.486084263417,2.48015551009855,2.35646663286738,4.63171552198061,5.33846886521972,7.92090688488057,0.93569465521117,4.45678523091591
1993,26.8882854368234,37.2991204114669,,34.541908173271,45.9877158881844,40.5255052183546,,31.9307593029594,0.938088610207713,0.401330252888895,0.202891515474079,2.264798518016,0.523713114155201,0.606770197278974,0.036019034208057,1.64732943621543,4.04583374101011,4.92469000463774,2.65770691557481,6.6855844008042,13.9290780143689,-8.66854034260423,2.75179586709815,1.23355793864741,17724.5399501656,2348.90635436384,20186.7988782965,3540.91377313015,378.939353053314,2930.67016601563,26387.2937338171,3399.64009566241,17.5151962018487,10.5032716554144,29.1425993625483,25.5450555023598,16.6339975209836,38.2045944842866,9.54718039168286,19.914366630953,20.0311092083798,10.6614353693522,6.01838427444729,42.0244888023848,1.65044352178807,,2.09421720177806,7.68503687453623,20.4247986391247,1.66641390246461,10.5027688679219,0.172904124654129,4.4783689356894,,2.21655716454674,6.81488853261277,23.4529547171169,19.2831161146442,18.6566394971066,26.2188854128558,37.3107535797341,20.3894816628768,20.090153048184,14.7481168654162,1.75365344467641,1927.38079016026,1.86507936507939,12.7277669490964,14.6100786356602,874.245720380188,2.95165696638559,9.71742729803028,10.879,6.03,11.377,4.49,2.69,5.883,6.9,23.361,2.22706966177681,2.05663127242723,2.61882501357104,3.35411622206962,4.4490741652727,7.61983790170856,0.892085449925274,4.45349964332174
1994,26.8270395432348,35.4209197179743,,36.3057858862368,45.9507266148475,41.2152926729431,,31.230316330669,0.944299541982365,0.256437173723599,0.297840897202919,4.06408790954284,0.444568832397725,0.613085442680721,0.0491397398318371,1.95362022223528,3.97884434177331,5.8528703643893,4.49404929532982,5.07680374667352,13.0727091631599,-12.5697559802151,4.02902272983438,3.20000000297172,18155.6282000179,3298.71491891786,19997.6237373354,4012.10159912285,475.677874448369,2662.10400390625,27694.853416234,3488.59711541763,17.946396853319,9.51307642702004,32.781588237968,27.2530179794726,18.4515778259707,27.7583790421613,9.89314741556332,19.549337805111,17.7798448455903,9.65743613080772,5.88975359365213,42.2189682487632,1.85593706296079,,2.15048546036731,6.41297116707479,17.3291132309473,1.81740799878882,9.68688124373483,0.19967958632729,3.36262340846476,,1.84602214970637,5.43043006612616,23.9305264869908,20.748084535259,19.3942462612315,24.7209918225773,34.6945082292652,21.810888252149,20.4037991908043,14.9889127441024,1.96963479688141,2075.88839757325,0.165562913907291,11.4431196444973,24.2569897243361,307.722635553193,2.60744159215453,8.938563723594,9.724,6.579,10.395,5.87,2.9,8.131,6.119,23.067,2.06192363661753,1.37319774228072,2.48735968532937,4.8849330643983,3.28088501510221,6.87370636107636,0.761582644142974,4.76625199005595
1995,26.4577657224441,23.3814603902749,,37.8499822511135,46.5158329099716,34.5391926383218,,30.9818655662995,0.862292199165592,0.186451621726932,0.403004702773876,5.71244002014051,0.317944090455996,0.603209971025087,0.0597669786574033,0.629558649209082,3.89017188961647,4.2237936336472,2.68232822733793,9.25542757753573,11.0328121562746,-4.1435284052602,2.6844307317787,3.10000000054411,20479.1748274233,4756.75013552302,20679.634792669,5081.4682771561,612.680277898627,2665.77978515625,28690.8757013347,3855.6340871567,17.8435719765847,7.52887503847073,36.0980542819385,28.4806033041148,17.8624291729756,29.2890113495619,10.639223880261,20.0378606077754,20.2649372474352,10.2855727154252,6.69255405328772,47.1214207701391,2.06554120824078,,2.62197237487825,7.99962827216631,17.6093714518551,0.883010356694704,9.11003445292849,0.242583031969892,3.58384721631842,,1.89191251927575,8.9184206316124,25.0572393420043,20.2862976209414,18.347300032106,25.6194615701593,32.6280547742557,21.0777278139414,20.8645990856506,15.7024239847946,4.62776659959759,66.0070335542481,2.14876033057849,8.23263034116114,16.7912251650916,197.414268084251,2.80541968853662,8.68042421392631,8.473,7.092,9.489,4.7,3.0,9.449,5.65,22.705,2.12157930837785,1.14877560865906,2.48630196327422,6.55630977481336,3.26699888521005,9.15926099813667,0.815170233171652,4.03562638417749
1996,25.9996942167324,22.3401145607793,,30.8497178485542,46.8452924072089,35.3467042522777,,29.8899862560641,0.823661499846139,0.193354110465506,0.298429960631947,4.35408641638342,0.238792079367953,0.442208693287412,0.0425169063812414,1.22411034074954,3.86567479160071,2.20886405051482,1.68896122499937,7.1148626270751,9.97619992053447,-3.7550694383594,3.77277269119453,4.29999999726792,22055.838490507,5179.13052009976,21296.9723536904,5333.50438729711,713.337387811657,2643.92919921875,29967.7127181749,3617.55336002932,18.8609762036441,6.73020968471254,37.0984399314286,25.9504475024431,17.8247104643429,26.0729881302908,10.7466355642836,21.7747432189724,18.8015444307134,10.0435399192307,6.12078323334853,44.9532097157166,1.79073619811341,9.92371391351388,2.17800837933151,11.3766485203764,17.7443594842727,0.881497348161001,10.4794606794617,0.179531971498549,3.92677839358166,43.1222213192119,2.07124626296476,10.8549963972705,24.1113881616574,18.6406537878258,18.8067696787985,27.8972581435149,31.9095811418268,20.0017421836195,21.3203021086514,15.8049377773119,2.61538461538461,15.7576656002606,1.57053112507138,7.35911781788767,8.31316028893909,47.7520122009939,2.93120419993441,7.35411972085333,8.509,8.035,9.62,7.414,3.12,9.665,5.451,22.5,2.05152656701842,1.14889170835858,3.20298844899117,4.95869610912803,3.00480163840847,10.4926691422543,0.999135594441053,4.64270090290704
1997,25.2101669318229,22.5941476118263,27.7164390585459,29.9914868716623,46.7996577986912,34.6892270441073,23.1321011361316,29.2506309429667,0.769712287568883,0.164715646996924,0.218185373462659,4.10331909636315,0.23416085353456,0.299310892440101,0.0352190687928809,0.745790349903574,3.91795814771731,3.39484598531597,4.28016683621337,7.3917392684331,9.2876465280865,1.3999158052963,4.44712793566428,2.60000000146347,23683.4948964934,5299.39794248133,21901.5628548392,5741.95842989596,786.743548510999,2737.57202148438,31459.1389804773,3700.23554789867,19.0977036336863,6.98364957728647,38.1329701894927,25.878004271776,19.3692945938508,24.7298415292289,11.1197545265553,21.6605918552042,18.6810630985749,9.47165881315684,5.94187552205493,46.9501411076941,2.07175462677437,11.3379394627793,2.11690771905574,8.09500030295954,18.5455847448969,0.601043144053385,10.1852291084557,0.296581936047817,3.82213885487598,46.5695638916281,1.91675770574592,7.31132440656591,24.0009111568284,19.1229011235712,20.3001450002481,28.6348402036352,31.2502337176691,18.2923133010091,21.5828300395015,16.1501322913786,0.224887556221887,6.92671251629154,1.62121638084531,6.13386464357927,2.78646505531882,14.761329268806,2.33768993730735,8.59777611252274,8.367,9.003,9.1,7.136,3.23,11.813,5.0,22.549,1.81825103668089,1.03895894476099,2.71190740654354,4.60520277817387,2.39155664717565,8.83139882948576,0.84570606694479,3.69265986755738
1998,25.376406388447,22.1187903794666,26.8338686646699,27.329719671118,45.4411323152105,33.9440292391723,22.6705577802122,28.576366566325,1.02491377893115,0.291965682511125,0.104340832200499,1.99827242912151,0.4381486529878,0.61524291861154,0.0250266972341998,0.64307688551655,4.67681373479508,0.338097901952338,3.89288654344983,4.18088662700669,7.92079207933551,-5.2999616266239,4.48313335374613,0.50000000034143,21516.0403147759,5105.89246192003,21024.5850687045,5419.82417297191,835.095348597432,1834.86181640625,32853.6769523009,3309.60933087472,19.5240007251128,7.03050033464164,40.0291747604299,25.1435814171693,18.1992267514817,31.22120547318,10.5152611335588,22.5192718175416,20.0662547233913,10.0118801178597,5.31048193630592,42.0280694627684,2.00362274524883,16.11753846322,1.90405140377849,9.48120220296762,17.9197050426655,0.690670677236703,8.23662529510941,0.385831102331361,2.81568382698343,38.9882468378703,1.56887699110576,7.65629290407284,25.1156707378023,18.5423484993731,20.5549158514426,27.5785924607994,33.0698931681417,16.1506040980019,22.2552516782792,16.5139705071343,0.860134629768142,3.19507629280052,0.99594245665802,5.11024954517559,-0.773186011549318,27.6856798076742,1.55227909874364,6.88054521037351,7.684,10.15,8.278,7.307,3.24,13.261,4.511,22.739,1.91521341585692,0.962811621846264,1.69513810815863,2.51172777125851,1.71539063096113,4.27229659862483,0.548987113142318,3.11344933385369
1999,24.6045620845153,21.7467112496793,27.8717394388625,27.0228972445176,44.9555391671381,33.4962012517122,22.5585977336559,27.6656022125323,0.901811387778998,0.347740643528655,0.125058639678642,2.99596980125977,0.337011065325236,1.04095627627957,0.0206751165576211,0.422085646045712,5.02822035850596,0.467937566679467,5.14100353715349,-0.2736313981937,7.7370030581299,6.39991469144101,4.78842504725272,2.39999999746338,20749.6443779096,3493.57192043228,22315.2466731545,4933.55581516755,881.146614068925,1330.75720214844,34515.3902272076,3242.36830483958,18.2621440737691,9.56489825956504,41.8611849983679,28.309113885765,18.0006905864312,43.2199685128244,10.309334558667,22.2692159746602,20.9102903773522,10.1704623298126,4.44212142179388,42.4625152976902,1.95591009512052,11.399865385519,1.76567167818683,21.2307273051505,18.2537981353932,0.841946049642259,8.48546537418759,0.430605640211425,2.38996498851833,41.7695730347058,1.52518599921472,9.83345736326208,25.3296988202281,17.0162942188145,20.190352975493,22.4124643537202,32.675048616256,14.3866142910145,22.7876776867312,14.841275516056,1.48312940304041,4.85844749902667,1.73484295105918,3.33687917526023,-1.40147268276465,85.7464940960636,2.18802719697358,5.18148905111697,6.876,11.125,7.583,11.158,3.25,13.036,4.219,22.884,1.83701904196737,1.71450974118159,2.36216086159937,3.6694603049762,1.84532736658367,11.829566491586,0.642858628809835,2.48859050822074
2000,24.5324572225662,23.0066186293679,29.5000375204667,27.8329007305146,45.0738315177586,33.91897031752,22.451586084268,28.2297555130289,0.944083748919392,0.287289488101813,0.180010591231763,4.3408550303353,0.143065124667862,0.833857339720371,0.0134401090902058,0.706162575140753,3.9160574881715,4.38794944364869,5.1385391803606,4.9716214882971,8.58643201808462,10.0000668136515,4.07758575682804,4.20000000067826,21908.9968019784,3766.54786339835,24271.0020563821,5052.99245766325,969.199513696287,1771.59411621094,36329.9560727102,3217.84693448467,19.356082688226,10.1880480058491,44.209235821106,30.1237538780926,20.681599363293,44.0604413055146,10.6927769053241,24.4043033106919,19.6274302028013,10.1135110678242,4.61309970982318,44.5230597731378,1.83767957725455,9.13824279912298,1.86988994936663,10.6456581556563,20.8946525176662,1.64799481860444,14.097379549686,1.11401872751948,3.15222106435306,50.6010783794118,1.84678858931191,10.1307911708615,25.8919654195344,18.3044880298194,19.5993356617119,22.0430833649528,32.6471790154044,16.863668858428,23.1462885256504,14.3870549981056,4.45743514797224,7.04414105947266,2.71943995691976,3.84327295706565,0.347811226864587,20.7987606558704,3.37685727149929,5.33895913599828,6.288,10.889,6.829,10.491,3.26,10.581,3.992,22.788,2.73432633187857,2.15912007223176,4.60751758237025,4.87094937341686,2.6977401923859,21.5026961545567,1.11328917528516,3.71688450048923
2001,23.5866945838107,22.6395279128549,28.4475354619999,28.4825729751045,44.276543602601,31.8373541233321,21.4690044492824,28.531613122664,1.14917513979889,0.427934714658352,0.122183454333239,3.31968916729076,0.124862064663083,0.483078548242046,0.0077512969667038,0.801835988243925,2.03145880248898,1.3898964044581,1.87509810696022,3.15403492459967,8.31263887091522,5.10005122572568,0.955538348341605,2.70000000019104,19733.6510102645,3176.28975052524,23822.096210932,4563.5952986689,1065.40597574519,2100.3525390625,37133.623113437,2847.15191945908,22.1097572675813,12.3717106723871,42.0399550909321,31.8473112661696,20.0776873829946,36.8934935960337,9.70344749898923,26.3566606345688,19.3343557016681,8.59153360869163,4.5763397781131,40.693103600054,1.74535415424609,7.76359075824941,1.91205830386319,22.8319929720272,20.7632634392125,3.58999518895038,15.3001928011191,1.45351058459507,3.15850304161569,51.8103660490427,1.88077482714846,11.723492255329,23.1582021660242,18.4180865006086,20.1517646904638,22.4880808842009,33.4598817910203,18.888404270754,22.5385071620869,14.3633064576751,4.40713536201469,6.84035902487523,2.52512013979906,3.56910053001467,0.719125609120114,21.4770072117159,2.82617111885407,5.70189483049608,6.747,10.649,7.219,10.39,3.8,8.978,4.731,22.652,3.26407566374002,2.23774123802714,3.49736523473696,3.94016087143578,2.59237672666031,19.5086027305984,0.915678454324647,4.94658656928292
2002,23.5551713442922,22.4953278210778,27.5731410327833,28.5180345922146,43.8758028122184,29.0563928119662,20.65246551384,28.5059160154765,1.02724969758044,0.427572122123379,0.138256427266278,2.82461629362167,0.127806840215127,0.496310313770547,0.00516845816122584,1.0084902137869,3.94980535772942,3.05346185683619,2.99925535017809,3.20279913520113,9.24339326638321,4.69999190914258,1.70044732643726,3.70037440406668,20335.0960191023,2855.94017137049,24256.0192337185,4430.84741157984,1163.55957673426,2377.52954101563,37997.7596573051,2688.23676032806,20.6927681028396,14.2305902741157,40.0586585930818,32.2572203545438,22.3518233715808,35.2125940630626,9.131381513844,28.4311672176802,18.2467566917432,8.74037070967909,4.44360609524797,40.5582790018529,1.57791210521067,7.23812309172877,1.91170026820431,11.2346894321467,20.6885878896859,4.88298916852666,12.6185161385063,1.18807795624873,2.59070421728136,52.4883815852667,1.83394389932985,12.0727131541814,24.2554623623273,17.9262508224679,19.974918048031,22.2745048951617,34.9878641071948,17.9059138543927,21.5398908373713,14.0272853046852,2.98157453936348,8.45016437708331,2.25839440940855,2.48939816650705,-0.731970902350244,15.7887307914463,1.58603162650601,9.494713780996,6.375,10.641,7.665,10.168,4.24,7.875,5.783,22.579,2.91246931710995,2.8154673100718,2.86861445184707,3.69658229472728,1.95629636692387,16.9811963787946,0.689227378994075,4.67923392268105
2003,23.9917259622795,23.0838178183236,27.9074104477255,29.7153366007983,44.9827621327146,28.6531349946058,20.7394766935216,26.8928680646111,0.756897930134733,0.216753354731614,0.153175450905851,4.38038439919149,0.137301920518456,0.361866933813302,0.0104020159899936,0.187700723391933,3.0912800997751,1.14082899877101,1.80638512302554,4.72324526861041,10.1181928640117,7.29995234528189,2.79560596320081,2.94907546754213,23757.5898471684,3090.6068907839,28301.8645937428,4773.40177520754,1306.97245408557,2975.123046875,39490.2749557007,4062.21755993786,19.0255629975486,15.1807837057459,36.8659851985508,35.0609745308001,26.6023738514511,35.2499817757806,9.03565868264667,23.9152733614034,18.5657879828597,8.53329654962629,4.45212340428914,41.0324638250931,1.59380319283648,6.79267321171407,2.01323529883149,19.0277419846124,19.7891403177955,5.18581641390888,16.1206014067341,2.86320450578717,2.5361753489702,54.5075199017182,2.10931027144065,9.8173484464874,26.007030943111,16.6047591510601,20.0124009557343,22.0896272485269,38.0846809344133,18.4150283883312,21.6226206280687,14.65691258189,2.73259596616786,14.7149197228147,2.75856321360112,2.8101787574361,1.12760348729637,13.6632930228666,2.27009497336115,5.67942414068799,5.933,11.168,7.574,9.765,4.58,8.21,5.989,22.679,2.4632460832839,2.70034429443933,4.12923765244659,5.01162090891452,2.01790669504299,16.8227791604724,1.0459220644239,2.99086668200306
2004,23.8819093880673,24.3066232905778,28.3911197223378,32.7525021838824,45.2328326582556,31.7022224269588,20.9500365551967,26.3036366679746,0.902925008259013,0.0993366848795947,0.285289345037603,9.08081866316417,0.263034043120524,0.380227521440975,0.0190642644705128,0.347546867888011,4.21894147547516,5.75996463685998,3.09236384292251,6.67425416822923,10.1314073631003,7.19994786954857,3.84777169556921,4.55455990721774,30886.0500949401,3663.82262497811,32145.5412620217,6120.59152055344,1530.92726215723,4102.36474609375,41724.6316287624,5221.46333731721,17.1350628732794,16.5457615138976,37.3277713060483,39.6857495120642,30.6097162464404,34.4178910554597,9.62875008142275,22.7575187856654,19.8156853732279,8.93935202180293,5.46924018318962,52.8933113223763,1.89169429050215,7.54616354995644,2.39014858804396,21.9852655048325,20.2580997989942,4.57386755418818,17.7567638842642,2.2540658481005,2.44053050133123,54.6966789645053,2.5706533002655,9.10044404774694,26.5880659201753,17.3202333227377,20.8745968478518,21.3985792799726,39.3505370582361,18.3852992882938,22.1277420778003,15.1672389589002,2.34325522482583,6.59718509985963,1.85725871857256,1.05473871403517,3.82463743108159,10.8886157326216,2.67723669309172,-0.692039437857687,5.399,10.072,7.185,10.162,4.49,7.763,5.529,22.567,3.14042166653573,2.53496036492128,4.43821726904446,9.56665341226193,4.72487591845752,16.4102250034065,1.25369196394813,4.77963979439938
2005,24.5233189129708,24.1725782850314,29.2129915241778,34.0353024141328,46.3816216984585,32.6292320732921,21.206269818199,26.0150792659507,1.90313900134245,0.824394034854481,0.278767398290625,9.27535102760256,0.719382293325194,0.562873173871561,0.0256053896311341,0.793861746673571,3.15548121323168,3.20213206216255,3.21045439063563,5.83704571917758,11.458238455067,6.39996544799469,3.48354993555606,5.27705197295467,34535.20727091,4827.78165890291,36383.6600068095,7480.32330998636,1777.64496828464,5323.455078125,44123.4070679055,5836.87663325127,18.1951172148922,15.2438292651669,36.8567073235071,40.1755720109201,33.3687977498922,35.2030659651181,9.98205473154167,23.5997644915436,23.0063825416372,10.0039567544992,5.85003684469677,56.3235896677862,1.79072067915524,6.51179321692703,2.7857976488932,22.2629845616509,25.5954420135177,5.99044785506381,21.4038513666457,2.80898772504072,2.31272376664692,61.7805796867657,3.31136445717427,10.3556169994696,26.9676243082002,17.0561834601584,21.8374293828034,23.3687952186214,39.2703289759488,17.7553986041778,22.9346369798954,15.8783049029154,2.69183168316832,6.86953720898964,2.21355203439767,3.05257621387849,1.77641407667571,12.6853039507349,3.3927468454955,2.06285308223427,5.036,10.551,6.758,9.34,4.52,7.124,5.084,22.472,4.34493817515352,3.65047497650545,5.56481908611814,9.79630843278012,5.10277288536313,17.4165849709082,1.49664347432686,4.56849246597233
2006,25.4872372064967,23.5440216718081,28.8475544811015,38.684729192628,46.8865028592172,31.780260587362,21.5869617861711,24.8591176319147,2.80480565031535,0.885931939469878,0.602746949973667,16.8703851667569,1.17112949883967,0.953377681300224,0.0637464562948489,1.21412691062411,2.7709261737475,3.96198870899485,2.63794375007348,6.04999082563968,12.6746751655235,8.20006825456321,2.78453963650701,5.60380645895889,36658.8243476122,5934.14561857454,40504.0370977806,9318.65655296121,2129.25696999613,6920.19970703125,46302.0008800056,6077.38293388876,19.8193564623907,14.3743163021339,35.4024592168513,43.8656742009237,35.5268468681701,33.7304754439762,10.641386468295,26.098249881712,27.362988550363,11.5153137673912,7.96768372439263,62.5205610453167,2.15043213751421,8.00467825169443,3.52056099629305,28.4686593780611,24.0426378728198,7.6849024441964,21.1379598727868,2.43371733531432,1.83393570516165,62.8821173688846,3.7372185207955,9.50001852429468,27.7412866557676,17.2102995751944,22.8852031372989,21.0647060199714,38.5215726233992,18.5034095135383,23.038167049868,17.365539559823,3.55528773727026,4.18356812896909,2.00202539534161,3.39201733699405,1.6494309945586,9.66865454789265,3.22594410070404,3.2439076541923,4.785,9.692,6.484,9.024,4.43,7.055,4.623,22.304,5.29178471306579,3.82714515901824,4.0838166222725,17.3488493708667,5.52119781017524,18.0379914298715,1.13066389011262,5.2274047401405
2007,25.5716480180669,23.125380408552,28.6859019053535,37.4665970166252,46.1852362301075,31.2220408019737,21.423882162085,25.2946183090828,4.25348976645078,1.54918209203662,0.785283814075548,16.5646131991133,2.15745853560002,1.35678270433092,0.0700163062364638,1.68097036659602,3.78947119882653,6.06987060733128,2.04990463726786,5.16823098528431,14.1499854947127,8.49997776916511,2.00385829784946,5.36047405394162,41128.2476618402,7409.69003822861,44660.0838892281,10346.4138184533,2734.72709877693,9101.2392578125,48050.2237771135,6591.85535960564,20.1458953527592,13.3276751043,34.229555163977,45.1298518955866,34.9066956194649,30.164060484537,11.4637901622698,27.958964394702,29.0846590114225,11.824211244797,9.24435217999991,64.309994713649,1.798056229728,8.13641951091464,3.73864793129764,29.3348942321308,22.753481991862,8.3200987153992,22.1140329189937,1.83161893626896,1.71119843888368,61.4635425789649,3.96254132636237,10.5565719826577,27.3471755803552,17.9957613418704,23.3389957278501,21.979843266088,37.6709873123357,20.9952544478165,22.3230160837388,19.0216163054292,2.32761128891476,3.64127299102652,2.13838399266837,4.40779938398044,4.81676767378834,9.00729868861079,2.85267248150138,6.17781214809388,4.381,9.28,6.156,8.427,4.35,6.002,4.622,22.26,6.51438107527135,4.10201494553661,3.90022693990303,17.1517567156625,6.32787936346715,15.7870611841198,1.07811498701399,6.3657074741337
2008,25.5090768525458,23.0852937521799,29.3420195046589,31.9839914243068,46.2364191302482,30.7868817007532,20.793507368224,26.9415561091344,4.12640450969226,1.86813935454653,0.513529436655604,13.0984754101501,2.36221058764274,0.909958056449626,0.110496529638692,2.50224527184671,3.62398503565633,5.09419544811998,0.995406301140747,3.78939280635238,9.67024588602851,5.19996926404957,0.113587249881704,3.1910438863288,49811.2067218988,8908.33338467948,46710.2526864484,10683.2188772511,3523.44302065213,11635.2841796875,48570.0459804586,6184.75474328399,20.1044121403643,13.534000513391,34.3950055520687,41.1625607908642,32.092513602143,31.3095603335689,12.4258473646734,32.2546736710677,27.8135739734934,12.9310514381352,8.25104308459543,55.7247442835048,1.64162254167846,5.4575239167651,3.96871886047058,29.0413837735149,32.0401854111947,9.54679022247767,29.1358336622959,2.35498882562469,2.2208063178118,65.6784005422627,6.48428941235738,9.62652463034354,28.1494081563949,19.3853295545005,23.4690170424371,26.8810652987589,38.8030814219879,22.2904610725417,21.235478492072,21.6148222161088,4.35029854990048,5.67859390284168,2.37027067444299,8.71626873039607,5.92525137041092,14.1107677840442,3.839100296651,9.90998456005467,4.242,8.268,6.284,9.285,4.59,6.205,5.784,22.407,8.52641938176426,4.7760488329414,5.07361690424834,13.8254393455321,9.6484135442271,19.1049787037836,1.92914075974883,11.9900580422374
2009,26.9775545923991,21.8785926263801,25.0760182112778,31.8892011542261,45.1788587231356,29.3269390255444,19.2684772980173,25.7430761887593,2.37629219907027,0.590993460618904,0.203571172276145,8.12539086996139,0.996362930664087,0.74136400520147,0.073856708586716,1.31414768436906,1.95484826298522,-0.12581200299141,-2.91508621550267,-1.11803723642878,9.40269972778044,-7.79999391271275,-2.57650022958367,-1.53808913525583,42954.8494884573,8678.6584730653,40874.8831932903,10098.8017167286,3898.24459158811,8562.82421875,47194.9433547336,6374.70560042992,22.9369071089635,10.8513711350383,28.5158343165743,37.1156347956721,24.3307718125403,27.9381012041521,10.9322206193664,24.9827464883237,27.6964739947355,12.5107496684766,7.10416068916213,58.2801559676936,1.16055322491633,5.25762018292406,3.39369213730218,29.2198675573527,29.5069766889764,8.99747965310975,24.4206443987166,1.44690090747168,1.69623692345059,63.0130269894952,5.80419155097004,11.1812947177261,27.5129887832226,19.1019580386452,22.3069697467248,24.1203156040117,43.4097668520056,21.9951347028483,18.8101380427197,19.4908649747967,1.77111716621254,4.88803479876799,0.299466803009299,0.353045178360937,-0.728165250932898,11.6473295764118,-0.355546266299747,7.23809523809527,5.565,9.419,8.46,11.313,4.72,8.301,9.254,23.523,4.96777338406714,2.38487387569911,1.92304119754021,8.79204050030603,3.91782120825988,14.4591281726985,0.743921134944805,4.93797499670312
2010,25.108230070574,23.2679773548596,26.3511331619895,33.4669030156191,45.7066207106778,29.999588218512,19.3102572393851,25.3034630993363,4.85534836205351,1.63133477933765,0.449991271187577,11.317663311545,2.02001128407646,1.1393877427442,0.166896320336218,2.20832164667078,2.21004795300735,7.52822581812151,3.09080634469335,5.85165102224047,10.5962719761682,4.49999999920672,2.69519257744442,3.03973288127956,52313.8939041213,11403.2840038694,47560.6666009406,12632.8704724192,4629.24551710077,10674.990234375,48642.6100179312,7973.47195771517,19.7322237124156,10.8655847760176,29.1673819330319,37.9039943184914,26.7227451502469,29.2155607849758,12.3413608086534,25.7834176267221,33.9592479625193,18.1365432959484,7.99427194909637,63.2866711696578,1.35551382378782,5.46295347541622,3.95873998985648,28.2409908532572,28.8807033400941,9.90018294064999,25.3243673228047,1.10225699027131,1.69056311409029,65.6482925992393,7.18456843300661,10.7102338605923,26.9461352407809,20.5346736503101,23.4612369646456,23.0154606048027,43.5201821905755,21.6253843085054,18.3139445259228,17.5616357245929,2.91834002677376,5.03872690108075,1.77687154092627,1.41071107954321,3.17532475269199,6.84939230255025,1.6400434423899,4.06749555950263,5.214,8.42,8.178,8.547,4.53,7.407,9.633,24.683,8.06660025617252,3.64871282999395,2.12754227247051,11.9881628362203,6.2867264165298,13.6767287816453,0.968704075093042,6.84683101275869
2011,26.461435749675,23.1020509677218,27.1393405983891,32.4417542348483,45.8002054108107,29.4135888378747,19.407502343174,24.8394911507999,5.02848003545977,1.81291052174163,0.555035051706879,11.524686737595,2.33286209782444,1.08841203576658,0.238996864592749,2.43339625717376,2.39473494330615,3.97442307944702,3.13719442170364,6.22389678509138,9.4613358870736,4.30002918567749,1.56440685763506,3.16855627858818,62799.3895017032,13396.6263158041,52223.8588398531,14487.3927832032,5703.76027973346,14305.33203125,50024.868799398,8646.05571071635,21.3710952598475,11.5825126792652,30.6783919173107,37.6897802745717,26.1518828948759,28.0553614798549,13.5634671535102,27.6981484703752,36.6251497222705,20.1070531698883,8.7097407762028,60.7043853671838,1.43198201047339,4.79733097260547,4.02265717679681,28.0454412835201,28.1410909707876,10.5615058710782,27.4324660090794,1.29992761409464,1.70007725545848,67.028076569532,9.92432604469065,10.535512006307,25.9432868336906,20.6089642091972,23.5104953995433,24.720392213308,43.515390928039,21.3216555211764,18.7369868048565,17.8093691839418,3.3038501560874,6.6364496221309,2.91213508872351,3.34121694259302,5.55389892257493,8.4404648593257,3.156841568622,5.0008533879502,5.083,7.578,7.637,7.492,4.55,6.571,8.949,24.639,8.72352035944917,4.33686638966397,2.59347020768665,12.1645185437385,7.68520289897261,16.2675600700583,1.23502930471558,7.81466074244917
2012,26.3333149596521,22.1336473645034,26.6346687974256,30.5583003272184,44.6820698165478,29.102868072666,19.1626113169507,24.4686002355753,3.0451724905842,1.28444928435221,0.33817353580594,8.45777139773805,0.783715365961303,0.831686056311716,0.163414793078767,1.93209444082154,3.95247138119184,1.92117598509462,1.75566129145483,6.15534001855494,7.85617427055587,4.02408615746921,2.28911338669843,2.39623238465745,68301.4402512587,12521.7238454434,52670.3447335415,15241.9069981119,6405.0574241349,15401.8515625,51708.4011556577,8076.97678479741,21.4212330245448,11.8775390706917,30.3530255225878,33.8455905043756,25.07670432956,26.9073203393663,13.6440493967794,27.1391491937679,34.1293825867081,16.3040965781489,7.27699468961734,59.1484541659561,1.22562185968402,5.13944663103542,3.50844555096218,25.2999847349273,28.4455055361525,11.0241509437928,25.624190392384,1.2828817129094,1.51374985096957,70.2890584289155,10.0636570136531,11.4220012610139,27.3175908517662,20.7167127710863,24.4941864760659,26.7526624059251,43.8737076505916,21.5611849041311,19.5126025510627,17.934933446749,1.76278015613196,5.40349914036997,1.51567823124517,3.00744840213047,2.61952432645541,5.07474300799149,2.06933726526067,5.73797139141739,5.225,7.251,7.392,6.79,4.58,5.484,8.069,24.727,5.29813880381044,3.85552495977285,1.44307674491624,9.05442637303188,4.0884931932087,14.293372457197,0.776694501385092,6.40436399402211
2013,25.1836151421438,21.2248099504522,26.6132351758366,29.4304373078105,43.3938707801605,28.1912891799352,19.2416260217373,24.5517417673484,3.55343966026024,1.36949504191434,0.280229667910082,7.00031067490142,0.604283761994796,0.653521828265251,0.120356943952869,2.06617800745958,2.65445302592404,3.0048226702888,2.32581354806429,3.30850824710085,7.77872409446717,1.75542214874298,2.11783009790057,2.48546800826588,68476.6788496118,12458.8903396625,52638.1187235237,15683.5486369155,7147.03518622344,15941.4482421875,53179.0127634561,7331.65467384919,19.8931411047873,11.7422306467311,30.3319386683867,32.087463589174,24.1633430905854,25.845336826255,13.5836612014366,28.379280320361,38.2226138969482,17.5580001748735,6.97314384892527,56.5992316305558,1.17807626251683,4.57539836873419,3.21071352130306,27.8724763359246,25.8653275837181,7.66385116284542,26.361569817347,1.3775568746199,1.5294698347956,70.5594810320243,10.7639934435291,10.704185952183,27.7286395572248,20.9119218716012,24.1872120842224,26.3486828076349,44.0755431365052,21.9401882834583,19.7983980671233,18.5787122077315,2.4498886414254,6.20431066640101,0.938291897815317,1.7895555398459,2.62105001748115,6.75466833903486,1.46483265562717,5.78016910069176,5.663,7.071,7.143,6.361,4.6,5.513,7.375,24.561,5.32011574075874,3.78686028400519,1.71420267216183,7.66232423505302,2.98307168349706,12.799885012616,0.750833995599957,6.11153096342063
2014,25.5698594984676,20.4724627475115,27.1379424601872,28.9028670653185,42.2827157791092,27.9315270606099,19.3315152083176,24.3052820058227,2.91578772030696,0.819525992656112,0.252537145628929,6.15970096777187,0.358822126128755,0.582569507800105,0.0880467319514241,1.41413205264697,2.60118978187332,0.503955740273241,2.87346677785811,1.79264947139259,7.46190028229434,0.736267221765672,2.52381981363968,1.41382645223793,62817.2061751737,12274.9941630213,50960.8431174661,14529.6767206336,7781.06597484974,14055.47265625,54973.4207515712,6856.73137092522,20.9959179912807,11.0119428189165,31.7365758733408,33.0039029664774,23.0719766947263,27.1110970517525,13.5524377198989,29.0006193033471,37.0261770580942,15.4956460079532,7.06901814566853,54.4938258485244,1.24906371312883,4.62236197775783,3.06248036458276,24.2293790861848,26.5990592811953,9.34729459467066,28.8930710605179,1.27302532739729,1.47061074195033,69.5250946236846,10.9856792186563,10.1834786043196,26.7582301625395,19.873028904781,24.3893293738975,25.4735403211118,43.3803473680085,21.4171833480957,20.4864937674979,18.301198735847,2.48792270531404,6.32904015516139,1.90663590717861,4.71867527854672,1.92164162788521,7.82016970013845,1.62222297740817,6.13282953059149,6.078,6.755,7.023,6.761,4.63,5.212,6.168,24.89,4.76093943711509,3.28623279487755,1.68853293506066,6.87780503013052,2.31013480472694,12.4271978897589,0.703153661885122,4.66573419871465
2015,23.6861098353126,19.3600439809564,24.4156825468916,27.8806404106495,40.0475902161032,29.7940599874349,18.5871320435183,23.7323079746326,1.85179092446636,0.570992536585529,0.153735192881661,3.28771652306778,0.203345375101355,0.71789167494499,0.0362503184615436,0.484685252972113,2.16434780647852,-3.54576339347278,0.649971001734855,2.15194249981184,6.97878002657477,-1.97271922580408,2.94555045484053,1.32186223678229,56970.3613028094,8936.1955889444,43594.1941045394,13433.9202987032,8175.33285077393,9277.7138671875,56572.9188996063,6112.27382485974,19.9846454503255,12.9001914186486,31.8499609634443,29.1910794903324,20.9390642234326,28.703389442924,12.4718192531032,27.7136384124829,32.1805032494418,12.1341102758254,7.07782826449341,52.3409634632125,1.17086953037954,5.90115777218879,2.8088360190064,23.2733809317436,25.2908141411795,7.36062490155865,20.6034302087075,0.898599873952062,1.2272664163092,62.8369478990481,8.0034184342575,9.75395048126192,26.1113805788248,17.8358070494598,23.8505819310485,25.4703710407419,41.6166710438192,20.6115488028269,20.7502235317815,18.0089532852253,1.50836672165921,9.02990102416136,1.12524136094277,4.34877353217044,1.43702380935655,15.5343959935701,0.118627135552451,4.51869094892506,6.055,8.538,6.945,6.605,4.65,5.615,5.28,25.149,3.23765474517452,2.35832735012319,0.332933838108915,4.04461870413776,1.17476659078236,9.761666714108,0.234371770177788,2.80794769347075
2016,22.3130168026382,18.3547582770536,23.2953005455848,26.7795650481896,38.811156093921,29.1739050669208,18.0422212818459,23.7825372977493,2.58843372469939,0.771513115023924,0.160582352644183,2.42915567711849,0.185155152566946,0.826477519834601,0.0380022225151832,0.908658964178643,2.75564065529868,-3.2759169063211,1.03855092490855,1.753038749071,6.77555562837017,0.193690071260534,1.81945147788167,0.664552307858116,50084.4440606385,8836.28546025694,42314.0615817218,13649.8520452803,8254.86859320357,8663.158203125,57638.1018367192,5651.20585165749,19.2031438783351,12.4666790428125,31.5025724093362,27.9231581098221,19.2036507365412,25.8544829769167,11.957982056879,28.1560881698955,31.5276869213515,11.7957523334983,6.85096938677528,50.4034333744308,1.12761789812447,6.04896824432423,2.60130444554912,22.069403504453,25.5970925023236,6.45092898767891,17.6256219682134,0.899956656800068,1.28100094525523,48.291548108568,7.57865354567164,9.83410485960525,25.2841043930064,15.524327323785,22.7723764559748,24.129197616698,41.0805800894123,21.8812816748252,20.8016632416177,17.4415036155936,1.27699094497324,8.73914352329393,1.42875954701085,3.78619355893118,2.00000182191943,7.04243725413707,1.26158320570536,6.60290842394872,5.711,11.58,7.038,6.926,4.56,5.591,4.869,26.536,4.08098789525561,2.43013532231265,0.786494936523475,3.20569572328577,1.0524740832802,8.19418914130003,0.303325431060077,3.56159906611897
2017,23.4479311698975,18.1885023085758,24.0278028870792,27.3811560671383,39.129944350895,30.6732968853437,18.4354240836094,23.6105564955695,3.18587488397102,0.827049853703138,0.204739486731936,4.40604754508335,0.235890375798972,0.69351092236867,0.0412677424038313,0.865006959954753,2.29331030192918,1.32286905390815,3.03383491200222,1.35769537343957,6.8912663621211,1.82579006401834,2.45762229852507,1.15794695181735,54117.547718609,10080.5078722821,45129.628116623,14879.9086227187,8979.67652709856,10658.9130859375,59635.0984397965,6618.33508255701,21.1718412211076,12.5189678705014,31.4544101509781,28.3313768341631,19.3356301657728,26.0908809797568,12.2617381180006,27.3400757812216,31.3992387696894,13.0831098475533,7.31666886721892,54.0633105038381,1.20473204723595,6.02759162477638,2.74624450462334,24.185244340361,30.3161990720307,8.70889192124879,21.9517954420132,1.06104376398313,1.5635573554021,49.1248783758441,10.510450824598,12.0071561154403,23.9744250133026,14.5589865164471,22.6963325471202,22.2576646322298,41.4184897995936,21.9821391240723,21.1343937588394,16.3988051798909,1.94864740944527,3.44637335032669,1.59688412852977,2.18271846868519,1.59313600071436,3.68333072334495,2.13011000365961,5.18618655524149,5.592,12.792,6.426,7.257,4.47,5.238,4.355,27.035,5.06804774011339,2.73375767842298,1.19690470285221,5.30261792520974,1.31423766724865,9.71546623895349,0.427546323641111,3.8355856656622
2018,24.1083351497002,18.7490514527988,24.6223059554353,27.8615227739821,38.9777001747097,32.5542980530841,18.6308982431189,23.5370608392744,2.86105597221835,0.839935533119731,0.125273089273862,4.99157894253016,0.178921788137024,0.733408264014736,0.0352448401068123,0.509756015166847,2.87417039499501,1.78366676137003,2.74296344906655,3.99002947789977,6.75671800166833,2.80724541059601,2.96650506901305,1.55678384721676,57410.1737346009,9300.66072904004,46539.1761570405,15659.4808675628,10085.6638148819,11211.8876953125,62499.8744390068,6914.1780318076,21.8125736575066,14.6349994958796,32.3254037264858,28.5290447397579,18.770519802938,30.7932568020743,12.3609892157496,27.4970371508423,29.7317933529164,12.6374485933875,7.53044628928381,52.4217199941519,1.32756116052616,5.65644967703026,2.95741195061027,25.6101432342632,35.535320392044,12.7686622344956,24.0190349725915,1.17911727055873,1.86764407076313,52.6808355618333,13.5299938279588,10.9922042428029,24.3863880116543,15.0969119559144,22.676090231483,23.0497926473567,42.3803760237203,20.6544857247667,21.4240428649128,15.9221674828456,1.91140094445691,3.66485028376729,2.26822567248103,2.43488981353057,2.07479039965576,2.87831382614981,2.44258329692817,4.50987264867388,5.345,12.329,5.837,7.623,4.31,4.871,3.896,26.906,5.22752063881788,3.61759120230309,1.79820431653194,5.83707726201581,1.42518421392494,14.4734868157828,0.595678810382377,3.86949148830953
2019,25.2555129054284,18.7546275724707,24.0774078769413,27.1184422429165,37.7642333162735,32.1504958365379,18.2804280414808,23.6220152843652,3.31748180992128,0.79915174911943,0.188938776268746,1.75323566107489,0.272313304955158,0.761369930033653,0.0187501063382904,1.38576110729649,2.19401703622717,1.22077782271943,1.90843194590616,0.634367533828438,6.06850235053705,2.19807571335009,2.58382533412825,0.25993557687633,55194.7585097428,9029.83304401079,46352.8693445211,14495.716721687,10342.9009524335,11447.701171875,64746.4506778863,6533.71121032856,24.0624800210722,14.1229191909095,32.3526958202565,27.8746677570512,18.0557069597496,28.4334306799759,11.8768712235892,27.2021294051151,34.4951798416859,14.1508177854909,6.52600997886215,51.3740514871807,1.26063099024319,6.17355170558279,2.8211533321336,28.4545998457312,32.4480251523319,13.7087051192779,22.1408507825001,0.996195388244754,1.87465304454538,51.9517105308961,14.1993655796366,10.050875262098,23.3219874334142,15.4711697443353,22.579977290439,24.5496860909505,42.2503490502374,20.9023404249496,21.4897485242357,15.4689896600747,1.61076787290379,3.73297621216894,1.94926902411593,2.55754475703327,2.89923416358227,4.47202631837903,1.81221007526021,4.10285075461156,5.143,11.936,5.69,7.493,4.56,4.513,3.669,28.468,5.74886126457436,3.21717303299592,1.93317583033348,2.56889266052365,1.26691367576973,12.2071140110196,0.557098125905551,4.18782227881945
2020,25.402839408227,19.5061183897524,22.4516173195,29.8295676046618,36.9115624066306,29.7171245814295,17.5084284843618,23.3394384079582,4.08804723201659,1.14458939921673,0.233498836098608,4.60239970949196,0.168349189697692,0.997039546903884,0.02138952271423,1.42688004952484,-0.133531904304775,-3.27675879612903,-5.03823343468899,-6.14347479224092,2.34018843078414,-2.65365450102773,-2.16302914036166,-6.1689177146757,51983.4523666382,7074.19407495707,43537.839298904,13114.815470545,10627.4637989619,10108.3271484375,63515.9491807833,5580.60383075189,23.9380373915413,16.4535520099709,29.4736472349344,31.3303902428612,18.2035821684822,25.5221855113549,10.2141055302392,27.5759141603963,40.6984142625159,16.15139770501,7.70223671673035,57.372617205842,1.12206922684085,8.63720072203089,3.21390841591217,31.4389170033873,21.3125228177134,11.8904796185398,17.7117312023626,0.680307468385457,1.2143685449396,42.0988979009334,12.7159907896534,8.10609432073402,22.7279354612304,16.5610215624606,23.1842365277416,22.5660080465409,41.8494114609444,21.5599197830911,21.8887242742465,13.7983605384555,0.846905537459305,3.21176803803376,0.716999632307827,3.04549084804326,2.41942189457782,3.38219796948068,1.23358439630629,3.23238831615113,6.394,13.697,9.657,10.934,5.0,5.62,8.055,29.217,6.09315865556076,3.22987656043381,1.24181874632923,5.48716936741024,0.863774740928771,7.58812544004463,0.329505971924439,4.01777511009808
2021,25.4357795203592,22.123475195366,25.3317475177596,30.860053303873,38.0924722040717,31.7859991548592,17.8846533610262,24.9006017482132,10.4657754902913,4.48894018515032,1.18426034810901,16.2274265774554,0.510049245324858,2.05397196912409,0.101999501227916,3.83186872976266,2.00694844335034,4.7626043797061,5.95052802804381,11.3149204879049,8.57008513166322,5.86649177292595,6.05505293244555,4.85864865060148,60758.9044397144,7972.53696080695,52886.6616372703,16206.8325493421,12887.4357242941,12425.029296875,70205.050916026,6828.75624590017,22.0018144228925,19.1094303686964,31.1750782983294,31.9927952679237,19.5262422245091,30.0024195364041,10.9604167715559,31.1916105051608,42.8423223013758,19.7712118224733,8.29415109423537,62.2188844607438,1.38279589662737,7.40377266771173,3.65231110135565,37.7780356859312,27.706071696529,13.6578322774084,23.8688657837555,0.815333310737599,1.29170537075172,43.1468587746174,15.9220948098952,8.68304384294431,22.5826306071239,17.9178490537897,23.789323664906,23.3256236274779,41.3521203793076,19.3152892296388,21.6159536186479,13.1098786287254,2.86391042204994,8.30165975585673,3.39519318527528,4.52456838259144,0.981015135544882,6.69445891957612,4.69785886363742,4.61874544887136,5.022,13.158,7.527,9.281,4.55,4.749,5.349,34.007,13.3578752832739,7.94111199933246,4.94905581435186,16.9044168802743,1.70756488252672,18.5109394363314,1.27994423022721,7.32857859192335
2022,27.4019620848457,22.8194568521446,,31.0330474006021,37.8945266620066,32.2301435685138,,24.9820287872223,,,,,,,,,4.25304559238732,3.01669435408112,4.18903628100851,2.15399356192458,3.1341888719577,-1.43588213859842,2.51237531986017,2.05813661692193,65169.5191118657,9281.33282136864,56256.8007264015,15405.6165774073,12970.6056414327,15619.6142578125,76657.2488844403,6534.24867783397,25.4615298373659,19.6307650034838,33.9431906669379,35.6066282723137,20.2977316914005,27.7203033526803,11.7844046293243,33.5394403164272,30.1757700607275,11.9487430335173,7.20264166838275,49.8300184342932,1.51241196259416,,3.07529985951185,31.5450035556722,42.6954661318656,16.9977876592036,30.1749905885513,1.69325787359142,1.79009011301844,,21.4101656084375,14.3272920099043,23.1156890618434,17.8004023929581,22.9501146990116,25.6432104842936,41.2329317275585,20.8474624269596,21.7099777470183,14.182485143945,6.59409671341846,9.28010608956873,6.80280115341613,11.643866711056,1.97357555739051,13.7436797398232,8.00279982052121,7.03987272546482,3.728,9.231,5.279,8.249,4.98,3.867,3.65,33.268,,,,,,,,
2023,27.5167800860919,22.1441739229749,,28.8030257311404,36.7725030223561,30.4081329218998,,24.5639655120651,,,,,,,,,3.58382100798981,3.24165532813583,1.52874550838358,0.521367977246825,5.41484330099675,4.08252481259281,2.88755600749487,0.80610455095804,65058.3773146674,10377.5897719195,54220.3285039875,17067.0364799154,12951.1782397043,14159.3876953125,81032.262117545,6034.27208964673,26.701068252275,17.9693243032658,33.3498760996793,30.8110620735322,19.102471716101,22.4927119538767,11.1844126402687,33.2538127556816,35.3042339341114,12.3830665434344,6.86872537579518,52.0026997226168,1.32245246342569,,2.8511687408118,29.1169283744823,34.9834475509909,16.2396336722963,25.1997448504993,1.80543071190217,1.8075643209073,,18.6774872527635,10.7279305896972,23.1932473759349,16.4109751089246,22.8530818287483,24.2438038833976,40.4544347218594,21.9994959753517,21.7264982141848,14.9347126554344,5.5970149253731,4.59356282283204,3.87900159788426,7.58168251407962,0.234836828893051,5.86571931748967,4.11633838374488,6.0752438457966,3.668,7.947,5.415,9.013,4.67,3.076,3.638,32.098,,,,,,,,
2024,25.5307319894404,20.9406935313888,,30.0858422756464,36.4756594453045,30.7201326538798,,24.3105308888817,,,,,,,,,1.37340773365975,3.41931516597739,1.55479521049516,2.64431154871538,4.9773565917572,4.34437475491529,2.79300127716779,0.534843531905139,64603.9856308464,10310.5488778166,54340.3477224733,16709.8893972307,13303.1481543868,14889.0185546875,84534.0407841548,6267.186814093,24.6215240529473,17.9385794398128,32.4437742363653,33.7233211746608,20.0229166362049,21.91660028345,11.1074566893674,31.7919070646303,34.1553248854625,12.6428158614818,7.21859335754214,56.1402892229553,1.5142975856954,,2.87778686360623,29.171256783939,33.1901228403116,16.958206628778,27.6974112165315,1.32012360616343,1.49786393169736,,18.3113039630256,9.60851589989642,24.0919767539482,16.9093613196902,22.5959576167528,23.4893507192449,39.8697027685165,22.1329042728009,21.6987566313724,14.5217362279274,3.1616142830575,4.36746407652337,2.38158383281173,4.29763891572524,0.218128938439177,8.43486410496723,2.94952520485207,4.36115246518962,3.942,6.801,6.351,8.718,4.59,2.43,4.022,32.279,,,,,,,,
2025,,,,,,,,,,,,,,,,,,,,,,,,,,,,,,,,,,,,,,,,,,,,,,,,,,,,,,,,,,,,,,,,,,,,,,,,,4.09,5.97,6.907,8.974,4.615,2.133,4.198,32.391,,,,,,,,
