date,igpm,divida_liquida_pib,balanca_comercial,ibc_br
1990-01-01,61.46,,,
1990-02-01,81.29,,,
1990-03-01,83.95,,,
1990-04-01,28.35,,,
1990-05-01,5.93,,,
1990-06-01,9.94,,,
1990-07-01,12.01,,,
1990-08-01,13.62,,,
1990-09-01,12.8,,,
1990-10-01,12.97,,,
1990-11-01,16.86,,,
1990-12-01,18.0,,,
1991-01-01,17.7,,,
1991-02-01,21.02,,,
1991-03-01,9.19,,,
1991-04-01,7.81,,,
1991-05-01,7.48,,,
1991-06-01,8.48,,,
1991-07-01,13.22,,,
1991-08-01,15.25,,,
1991-09-01,14.93,,,
1991-10-01,22.63,,,
1991-11-01,25.62,,,
1991-12-01,23.63,,,
1992-01-01,23.56,,,
1992-02-01,27.86,,,
1992-03-01,21.39,,,
1992-04-01,19.94,,,
1992-05-01,20.43,,,
1992-06-01,23.61,,,
1992-07-01,21.84,,,
1992-08-01,24.63,,,
1992-09-01,25.27,,,
1992-10-01,26.76,,,
1992-11-01,23.43,,,
1992-12-01,25.08,,,
1993-01-01,25.83,,,
1993-02-01,28.41,,,
1993-03-01,26.25,,,
1993-04-01,28.83,,,
1993-05-01,29.7,,,
1993-06-01,31.5,,,
1993-07-01,31.25,,,
1993-08-01,31.79,,,
1993-09-01,35.28,,,
1993-10-01,35.04,,,
1993-11-01,36.15,,,
1993-12-01,38.32,,,
1994-01-01,39.07,,,
1994-02-01,40.78,,,
1994-03-01,45.71,,,
1994-04-01,40.91,,,
1994-05-01,42.58,,,
1994-06-01,45.21,,,
1994-07-01,4.33,,,
1994-08-01,3.94,,,
1994-09-01,1.75,,,
1994-10-01,1.82,,,
1994-11-01,2.85,,,
1994-12-01,0.84,,,
1995-01-01,0.92,,-398.7,
1995-02-01,1.39,,-1151.6,
1995-03-01,1.12,,-1019.5,
1995-04-01,2.1,,-565.7,
1995-05-01,0.58,,-781.7,
1995-06-01,2.46,,-871.5,
1995-07-01,1.82,,-110.1,
1995-08-01,2.2,,3.1,
1995-09-01,-0.71,,389.5,
1995-10-01,0.52,,241.5,
1995-11-01,1.2,,-160.9,
1995-12-01,0.71,,-145.3,
1996-01-01,1.73,,-50.3,
1996-02-01,0.97,,-108.9,
1996-03-01,0.4,,-540.2,
1996-04-01,0.32,,119.7,
1996-05-01,1.55,,153.6,
1996-06-01,1.02,,-422.4,
1996-07-01,1.35,,-443.4,
1996-08-01,0.28,,-366.1,
1996-09-01,0.1,,-712.1,
1996-10-01,0.19,,-1403.2,
1996-11-01,0.2,,-931.2,
1996-12-01,0.73,,-1932.0,
1997-01-01,1.77,,1080.2,
1997-02-01,0.43,,-1179.8,
1997-03-01,1.15,,-966.6,
1997-04-01,0.68,,-979.0,
1997-05-01,0.21,,-164.5,
1997-06-01,0.74,,-458.7,
1997-07-01,0.09,,-636.3,
1997-08-01,0.09,,-380.4,
1997-09-01,0.48,,-920.8,
1997-10-01,0.37,,-925.6,
1997-11-01,0.64,,-1365.0,
1997-12-01,0.84,,-854.3,
1998-01-01,0.96,,-808.5,
1998-02-01,0.18,,-312.6,
1998-03-01,0.19,,-980.5,
1998-04-01,0.13,,-140.2,
1998-05-01,0.14,,-214.0,
1998-06-01,0.38,,108.5,
1998-07-01,-0.17,,-514.8,
1998-08-01,-0.16,,-260.1,
1998-09-01,-0.08,,-1306.0,
1998-10-01,0.08,,-1533.1,
1998-11-01,-0.32,,-1110.5,
1998-12-01,0.45,,-555.9,
1999-01-01,0.84,,-792.7,
1999-02-01,3.61,,38.8,
1999-03-01,2.83,,-325.2,
1999-04-01,0.71,,-66.2,
1999-05-01,-0.29,,214.4,
1999-06-01,0.36,,-235.0,
1999-07-01,1.55,,8.5,
1999-08-01,1.56,,-274.3,
1999-09-01,1.45,,-25.8,
1999-10-01,1.7,,-201.4,
1999-11-01,2.39,,-564.7,
1999-12-01,1.81,,161.4,
2000-01-01,1.24,,-174.0,
2000-02-01,0.35,,48.7,
2000-03-01,0.15,,-78.0,
2000-04-01,0.23,,94.3,
2000-05-01,0.31,,307.9,
2000-06-01,0.85,,163.3,
2000-07-01,1.57,,111.9,
2000-08-01,2.39,,32.2,
2000-09-01,1.16,,-453.3,
2000-10-01,0.38,,-695.8,
2000-11-01,0.29,,-863.4,
2000-12-01,0.63,,-282.5,
2001-01-01,0.62,,-557.0,
2001-02-01,0.23,,-23.9,
2001-03-01,0.56,,-366.6,
2001-04-01,1.0,,28.7,
2001-05-01,0.86,,106.5,
2001-06-01,0.98,,191.4,
2001-07-01,1.48,,20.0,
2001-08-01,1.38,,548.3,
2001-09-01,0.31,,511.9,
2001-10-01,1.18,,119.8,
2001-11-01,1.1,,201.0,
2001-12-01,0.22,51.49,756.6,
2002-01-01,0.36,52.28,103.9,
2002-02-01,0.06,51.43,172.8,
2002-03-01,0.09,51.01,514.6,
2002-04-01,0.56,50.95,396.6,
2002-05-01,0.83,52.17,269.3,
2002-06-01,1.54,54.54,569.1,
2002-07-01,1.95,58.79,1105.3,
2002-08-01,2.32,55.91,1501.5,
2002-09-01,2.4,62.45,2410.5,
2002-10-01,3.87,60.4,2088.5,
2002-11-01,5.19,59.85,1160.3,
2002-12-01,3.75,59.93,1711.3,
2003-01-01,2.33,59.97,1059.3,70.53636
2003-02-01,2.28,60.26,1022.7,71.72228
2003-03-01,1.53,58.46,1437.3,71.37508
2003-04-01,0.92,54.44,1616.2,70.86834
2003-05-01,-0.26,54.96,2434.4,70.15872
2003-06-01,-1.0,54.42,2262.3,70.29779
2003-07-01,-0.42,55.11,1964.7,69.44384
2003-08-01,0.38,55.49,2585.1,69.98244
2003-09-01,1.18,54.73,2558.6,71.50541
2003-10-01,0.38,53.8,2424.8,71.53661
2003-11-01,0.49,54.22,1567.3,71.60908
2003-12-01,0.61,54.26,2643.4,71.39244
2004-01-01,0.88,54.05,1507.1,72.75762
2004-02-01,0.69,53.8,1897.7,73.46043
2004-03-01,1.13,53.19,2462.5,74.30563
2004-04-01,1.21,52.91,1841.5,74.72688
2004-05-01,1.31,53.45,2995.7,74.63731
2004-06-01,1.38,52.83,3668.0,75.24325
2004-07-01,1.31,52.07,3321.6,75.56632
2004-08-01,1.22,51.44,3317.9,75.90818
2004-09-01,0.69,50.86,3044.2,76.70298
2004-10-01,0.39,50.75,2879.3,76.28131
2004-11-01,0.82,50.05,1959.7,76.98877
2004-12-01,0.74,50.19,3388.5,76.40105
2005-01-01,0.39,49.56,2132.4,76.91054
2005-02-01,0.3,49.3,2709.5,77.38994
2005-03-01,0.85,49.31,3259.8,77.46827
2005-04-01,0.86,48.32,3811.4,77.9753
2005-05-01,-0.22,47.94,3363.0,77.925
2005-06-01,-0.44,48.04,3909.8,77.50863
2005-07-01,-0.34,48.14,4914.3,77.46885
2005-08-01,-0.65,47.95,3536.8,78.04541
2005-09-01,-0.53,47.65,4235.9,77.86005
2005-10-01,0.6,47.53,3568.0,77.99252
2005-11-01,0.4,47.42,3962.1,78.51795
2005-12-01,-0.01,47.92,4318.5,79.11424
2006-01-01,0.92,47.82,2758.4,79.74946
2006-02-01,0.01,47.78,2711.6,79.82652
2006-03-01,-0.23,47.66,3582.9,79.67116
2006-04-01,-0.42,47.14,2957.3,80.18482
2006-05-01,0.38,47.02,2884.7,81.19881
2006-06-01,0.75,46.96,3959.6,80.3511
2006-07-01,0.18,46.83,5518.8,81.79416
2006-08-01,0.37,46.62,4504.4,81.79989
2006-09-01,0.29,46.57,4326.5,81.96978
2006-10-01,0.47,46.17,3835.0,82.91123
2006-11-01,0.75,46.01,3187.7,83.46222
2006-12-01,0.32,46.49,4951.0,84.50816
2007-01-01,0.5,45.95,2443.8,84.22726
2007-02-01,0.27,45.86,2780.3,84.46413
2007-03-01,0.34,45.81,3278.5,83.87495
2007-04-01,0.04,45.08,4062.1,84.99403
2007-05-01,0.04,45.23,3738.8,85.78776
2007-06-01,0.26,44.8,3665.1,86.41046
2007-07-01,0.28,44.73,3220.3,86.9192
2007-08-01,0.98,44.09,3415.9,87.10311
2007-09-01,1.29,44.59,3306.4,87.7938
2007-10-01,1.05,44.6,3240.7,88.64377
2007-11-01,0.69,44.11,1854.0,88.5902
2007-12-01,1.76,44.55,3492.3,89.39092
2008-01-01,1.09,43.71,823.1,89.53172
2008-02-01,0.53,43.79,710.7,89.25936
2008-03-01,0.74,43.0,853.3,88.66705
2008-04-01,0.69,42.82,1597.6,89.85469
2008-05-01,1.61,43.03,3947.0,90.76931
2008-06-01,1.98,42.89,2574.7,91.73016
2008-07-01,1.76,42.74,3205.0,91.62681
2008-08-01,-0.32,42.02,2190.8,91.82776
2008-09-01,0.11,39.96,2604.0,91.75873
2008-10-01,0.98,38.3,1259.4,89.95278
2008-11-01,0.38,36.95,1480.8,87.74605
2008-12-01,-0.13,37.57,2260.4,85.31882
2009-01-01,-0.44,38.05,-541.7,85.17524
2009-02-01,0.26,38.02,1724.2,85.87427
2009-03-01,-0.74,38.04,1727.7,86.32909
2009-04-01,-0.15,38.65,3672.0,86.70452
2009-05-01,-0.07,39.66,2551.3,87.56138
2009-06-01,-0.1,39.98,4654.8,88.1834
2009-07-01,-0.43,40.64,2864.4,88.30943
2009-08-01,-0.36,40.63,3000.7,89.74541
2009-09-01,0.42,41.56,1232.8,90.46376
2009-10-01,0.05,41.42,1297.8,91.19428
2009-11-01,0.1,40.94,490.0,91.29076
2009-12-01,-0.26,40.88,2116.2,92.65936
2010-01-01,0.63,39.59,-324.4,94.03034
2010-02-01,1.18,39.82,259.8,94.94668
2010-03-01,0.94,39.91,545.3,95.85478
2010-04-01,0.77,39.47,1139.1,96.34601
2010-05-01,1.19,38.97,3288.4,95.6075
2010-06-01,0.85,38.89,2104.2,95.43252
2010-07-01,0.15,38.99,1208.2,95.95155
2010-08-01,0.77,38.76,2265.4,96.55101
2010-09-01,1.15,38.22,935.9,97.43154
2010-10-01,1.01,37.89,1681.2,97.26692
2010-11-01,1.45,37.77,122.7,98.36071
2010-12-01,0.69,37.98,5132.1,97.33618
2011-01-01,0.79,37.57,184.6,98.5386
2011-02-01,1.0,37.49,986.3,98.9366
2011-03-01,0.62,37.53,1361.5,98.94981
2011-04-01,0.45,37.42,1633.5,98.97012
2011-05-01,0.43,37.25,3318.5,99.14962
2011-06-01,-0.18,37.08,4263.7,99.58084
2011-07-01,-0.12,36.82,2968.3,99.67249
2011-08-01,0.44,36.55,3710.3,99.57595
2011-09-01,0.65,34.67,2899.3,99.46509
2011-10-01,0.53,35.65,2170.1,99.40302
2011-11-01,0.5,34.76,372.2,99.88666
2011-12-01,-0.12,34.47,3656.8,98.92647
2012-01-01,0.25,35.0,-1558.0,97.68394
2012-02-01,-0.06,35.15,1513.1,98.60136
2012-03-01,0.43,34.26,1811.3,98.39752
2012-04-01,0.85,33.5,666.9,98.87919
2012-05-01,1.02,32.77,2771.9,100.02262
2012-06-01,0.66,32.78,610.1,100.74443
2012-07-01,1.34,32.51,2682.1,100.90569
2012-08-01,1.43,32.6,3018.9,101.24218
2012-09-01,0.97,32.62,2362.9,100.83815
2012-10-01,0.02,32.44,1357.6,101.67941
2012-11-01,-0.03,32.08,-375.1,101.52939
2012-12-01,0.68,32.19,2046.8,101.12083
2013-01-01,0.34,32.17,-4183.8,101.72253
2013-02-01,0.29,32.59,-1440.6,100.82525
2013-03-01,0.21,32.4,15.4,101.75252
2013-04-01,0.15,32.14,-1161.2,102.83368
2013-05-01,0.0,31.51,593.8,103.05116
2013-06-01,0.75,31.19,2126.9,102.74846
2013-07-01,0.26,30.8,-2072.5,103.04867
2013-08-01,0.15,30.58,1025.9,103.36349
2013-09-01,1.5,31.51,1794.4,103.90889
2013-10-01,0.86,31.62,-402.9,103.90498
2013-11-01,0.29,30.58,1533.3,104.13777
2013-12-01,0.6,30.5,2540.2,104.45256
2014-01-01,0.48,30.01,-3890.6,104.02845
2014-02-01,0.38,30.36,-2344.0,103.81187
2014-03-01,1.67,30.78,-140.0,103.64591
2014-04-01,0.78,30.78,285.3,103.21516
2014-05-01,-0.13,31.1,423.9,102.8217
2014-06-01,-0.74,31.48,2122.5,100.7245
2014-07-01,-0.61,31.6,1291.1,101.4328
2014-08-01,-0.27,32.14,903.2,102.28257
2014-09-01,0.2,32.07,-1145.1,102.86789
2014-10-01,0.28,32.22,-1473.2,102.06678
2014-11-01,0.98,32.18,-2707.2,102.19447
2014-12-01,0.62,32.59,-65.1,102.64939
2015-01-01,0.76,32.5,-2877.8,101.806
2015-02-01,0.27,32.3,-3097.7,101.08664
2015-03-01,0.98,31.59,148.9,100.90844
2015-04-01,1.17,32.35,272.6,99.65699
2015-05-01,0.41,32.39,2449.9,98.99924
2015-06-01,0.67,33.23,4309.9,97.92725
2015-07-01,0.69,32.91,2625.7,96.9346
2015-08-01,0.28,32.46,2366.0,97.38597
2015-09-01,0.95,32.02,2624.1,96.65676
2015-10-01,1.89,33.06,1676.4,97.21119
2015-11-01,1.52,33.9,898.9,96.03935
2015-12-01,0.49,35.64,6048.0,95.69982
2016-01-01,1.14,35.34,1116.2,95.25209
2016-02-01,1.29,36.28,2777.9,95.22108
2016-03-01,0.51,38.33,4123.3,94.49179
2016-04-01,0.33,38.87,4542.3,94.43128
2016-05-01,0.82,39.09,6127.1,94.10093
2016-06-01,1.69,41.35,3631.6,94.35172
2016-07-01,0.18,41.93,4245.1,94.07983
2016-08-01,0.15,42.81,3830.9,93.79519
2016-09-01,0.2,43.63,3522.7,93.84337
2016-10-01,0.16,43.88,2039.4,93.59002
2016-11-01,-0.03,43.99,4448.4,93.47435
2016-12-01,0.54,46.14,4139.2,93.20961
2017-01-01,0.64,46.46,2427.0,93.89639
2017-02-01,0.08,47.26,4368.2,95.09763
2017-03-01,0.01,47.53,6418.6,95.10616
2017-04-01,-1.1,47.48,6125.7,94.92893
2017-05-01,-0.93,48.01,6712.1,94.78815
2017-06-01,-0.67,48.44,6268.8,95.2379
2017-07-01,-0.72,49.69,5383.9,95.33598
2017-08-01,0.1,50.1,4547.9,95.06293
2017-09-01,0.47,50.76,4301.4,95.03537
2017-10-01,0.2,50.54,4128.1,95.32385
2017-11-01,0.52,50.86,2576.3,95.43246
2017-12-01,0.89,51.37,4141.1,96.85892
2018-01-01,0.76,51.43,1771.0,96.21513
2018-02-01,0.07,51.58,2021.5,95.88601
2018-03-01,0.64,51.83,5419.4,95.90011
2018-04-01,0.57,51.22,4586.2,96.45044
2018-05-01,1.38,50.67,5039.5,93.54773
2018-06-01,1.87,50.71,4675.1,96.14553
2018-07-01,0.51,51.3,2717.0,96.48285
2018-08-01,0.7,50.33,1414.9,97.27377
2018-09-01,1.52,51.32,3949.4,96.675
2018-10-01,0.89,52.42,4534.0,97.02654
2018-11-01,-0.49,52.2,2822.7,97.30896
2018-12-01,-1.08,52.77,5397.6,97.57144
2019-01-01,0.01,53.11,195.7,97.43841
2019-02-01,0.88,53.1,1819.0,96.69725
2019-03-01,1.26,53.04,2994.8,96.13356
2019-04-01,0.92,53.05,4139.7,96.23143
2019-05-01,0.45,53.24,4112.2,97.53007
2019-06-01,0.8,53.82,3935.6,96.94615
2019-07-01,0.4,54.27,681.4,96.68133
2019-08-01,-0.67,53.31,1504.3,96.93405
2019-09-01,-0.01,53.64,2393.6,97.29817
2019-10-01,0.68,54.11,954.9,98.49368
2019-11-01,0.3,53.79,2102.2,98.23091
2019-12-01,2.09,54.7,4734.0,97.78209
2020-01-01,0.48,53.19,-3284.7,97.90997
2020-02-01,-0.04,52.54,931.5,98.05689
2020-03-01,1.24,50.63,2297.1,91.43481
2020-04-01,0.8,51.58,4890.9,83.18453
2020-05-01,0.28,53.72,3239.3,85.80219
2020-06-01,1.56,56.24,6109.4,89.60526
2020-07-01,2.23,58.12,6895.9,91.9639
2020-08-01,2.74,58.67,5226.2,93.72393
2020-09-01,4.34,59.3,4741.0,95.62386
2020-10-01,3.23,59.15,3960.1,97.50348
2020-11-01,3.28,60.58,2121.4,97.65821
2020-12-01,0.96,61.37,-1464.4,97.67173
2021-01-01,2.58,59.71,-2200.5,97.90837
2021-02-01,2.53,59.51,28.2,98.83441
2021-03-01,2.94,58.53,-158.4,95.30017
2021-04-01,1.51,57.71,9337.7,96.43536
2021-05-01,4.1,57.53,8132.8,97.253
2021-06-01,0.6,58.43,8146.5,96.79272
2021-07-01,0.78,57.77,6844.0,96.46214
2021-08-01,0.66,57.18,6155.4,97.06923
2021-09-01,-0.64,56.17,2947.9,96.99082
2021-10-01,0.64,55.21,1617.5,97.47975
2021-11-01,0.02,54.98,-1760.3,99.0706
2021-12-01,0.87,55.11,3221.3,99.1451
2022-01-01,1.82,54.82,-832.0,97.569
2022-02-01,1.83,55.45,4044.2,98.56176
2022-03-01,1.74,56.66,6681.2,99.51881
2022-04-01,1.41,56.4,7522.7,99.70532
2022-05-01,0.52,56.91,4269.3,99.70638
2022-06-01,0.59,56.03,8032.6,99.54343
2022-07-01,0.21,55.58,4624.0,101.42681
2022-08-01,-0.7,56.05,3237.8,101.06249
2022-09-01,-0.95,56.03,2548.4,101.08345
2022-10-01,-0.97,55.97,2568.0,101.38865
2022-11-01,-0.56,55.81,5299.9,100.57597
2022-12-01,0.45,56.13,3525.7,100.27252
2023-01-01,0.21,55.21,1659.5,100.23661
2023-02-01,-0.06,55.71,2838.3,103.25561
2023-03-01,0.05,55.98,10014.5,102.93565
2023-04-01,-0.95,55.92,8126.6,104.35168
2023-05-01,-1.84,56.59,10264.7,102.51912
2023-06-01,-1.93,57.78,9298.8,102.38355
2023-07-01,-0.72,58.34,7586.1,102.85932
2023-08-01,-0.14,58.68,8840.3,102.4601
2023-09-01,0.37,58.87,8476.1,102.4903
2023-10-01,0.5,58.85,8589.3,102.80099
2023-11-01,0.59,59.08,7999.4,103.56324
2023-12-01,0.74,60.43,8581.8,104.58457
2024-01-01,0.07,59.55,5562.8,104.41925
2024-02-01,-0.52,60.32,4386.8,104.80921
2024-03-01,-0.47,60.59,6352.1,104.42803
2024-04-01,0.31,60.54,7798.3,105.25234
2024-05-01,0.89,61.23,7503.1,105.64207
2024-06-01,0.81,61.28,5661.1,106.52112
2024-07-01,0.61,60.91,6981.5,106.92409
2024-08-01,0.29,61.08,3717.8,107.08868
2024-09-01,0.62,61.46,4524.5,107.98672
2024-10-01,1.52,61.12,3189.2,108.17351
2024-11-01,1.3,60.99,6043.0,107.8848
2024-12-01,0.94,61.3,4121.9,107.02445
2025-01-01,0.27,60.96,1396.3,108.25756
2025-02-01,1.06,61.13,-1122.8,108.97999
2025-03-01,-0.34,61.3,7218.6,109.82196
2025-04-01,0.24,61.26,6957.2,110.38863
2025-05-01,-0.49,61.72,6436.8,109.01454
2025-06-01,-1.67,62.6,5247.0,108.85048
2025-07-01,-0.77,63.41,6390.5,108.32307
2025-08-01,0.36,64.04,5311.4,108.72115
2025-09-01,0.42,64.57,2459.5,108.59808
2025-10-01,-0.36,64.7,5890.3,108.69139
2025-11-01,0.27,65.19,5038.2,109.3473
2025-12-01,-0.01,65.24,8505.4,109.18161
2026-01-01,0.41,64.96,2990.7,110.02858
2026-02-01,-0.73,,3507.5,
